web-scraper-order,web-scraper-start-url,rooms_area_price_raw,address_raw,price_raw,description_raw,text_raw
"1693993818-1","https://www.immoscout24.ch/de/wohnung/mieten/ort-winterthur?pn=5","6,5 Zimmer, 143 m², CHF 3017.—","Am Eulachpark 25, 8404 Winterthur, ZH","CHF 3017.—","«Sie suchen die spezielle Maisonettewohnung?»","6,5 Zimmer, 143 m², CHF 3017.—Am Eulachpark 25, 8404 Winterthur, ZH«Sie suchen die spezielle Maisonettewohnung?»- Maisonettwohnung (Wohnen auf zwei Stockwerken) - Bodenbeläge Riemenparkett- Raumhohe Fenster- Grosszügige Küche mit Geschirrspüler und Glaskeramik- Waschturm (WA/WT) im Reduit- Bad/WC mit Doppellavabo- Dusche/WC- Lift- Balkon- Einstellplätze vorhandenDie Bilder zeigen den Standard der Liegenschaft und entsprechen nicht immer der angebotenen Wohnung.Anbieter kontaktierenKontaktieren"
"1693993818-2","https://www.immoscout24.ch/de/wohnung/mieten/ort-winterthur?pn=5","1 Zimmer, 132 m², CHF 3260.—","Katharina Sulzer Platz 2, 8400 Winterthur, ZH","CHF 3260.—","«In Loft-iger Höhe MIETEN OHNE KAUTION»","1 Zimmer, 132 m², CHF 3260.—Katharina Sulzer Platz 2, 8400 Winterthur, ZH«In Loft-iger Höhe MIETEN OHNE KAUTION»Licht und Luft erfüllen Ihr neues Zuhause...- modernste Architektur- Wohnfläche ca. 131 m2- origineller Grundriss- hoher, heller Raum- Parkett- und Plattenbeläge- Küche mit Glaskeramik, Geschirrspüler und Steamer- Bad/WC mit Doppellavabo- eigener Waschturm- Wandschränke- grosse, eigene Terrasse- Keller- 5. Stock mit Lift- direkt am Katharina Sulzer Platz- Bahnhof, Einkaufsmöglichkeiten, Restaurants, ZHAW, etc. alles zu Fuss oder mit dem Fahrrad erreichbar- Einstellplätze können für CHF 175.- pro Monat dazu gemietet werden.>> siehe auch www.kranAnbieter kontaktierenKontaktieren"
"1693993818-3","https://www.immoscout24.ch/de/wohnung/mieten/ort-winterthur?pn=5","4,5 Zimmer, 117 m², CHF 3782.—","8400 Winterthur, ZH","CHF 3782.—","«MÖBLIERT, TEMPORÄR: 4½ ZI-WOHNUNG IN WINTERTHUR - MATTENBACH»","4,5 Zimmer, 117 m², CHF 3782.—8400 Winterthur, ZH«MÖBLIERT, TEMPORÄR: 4½ ZI-WOHNUNG IN WINTERTHUR - MATTENBACH»MIETDAUER ab 15. Dezember 2023 bis 31. März 2024 (mind. 2 Monate) Moderne und helle Wohnung in sehr ruhigem Wohnquartier (Sidi-Areal). Wenige Gehminuten in die Altstadt. Einkaufsmöglichkeiten, Restaurants, Postfiliale, Schwimmbad alles in unmittelbarer Nähe, 117m², im 2. Stock, mit Lift, 1 Balkon, Öffentliche Parkplätze in der Nähe, Autobahneinfahrt in der Nähe. Inkl. Heizung, Strom, Wasser, Internet, TV (inkl. Anschluss und Abo), ... Weitere Infos, Fragen & Besichtigen: ums.ch/angebots-detail/60441/English: ums.ch/offer-detail/60441/Français:"
"1693993818-4","https://www.immoscout24.ch/de/wohnung/mieten/ort-winterthur?pn=5","3,5 Zimmer, 88 m², CHF 2244.—","Untere Briggerstrasse 66, 8406 Winterthur, ZH","CHF 2244.—","«Modernes Leben im EG mit Gartensitzplatz»","3,5 Zimmer, 88 m², CHF 2244.—Untere Briggerstrasse 66, 8406 Winterthur, ZH«Modernes Leben im EG mit Gartensitzplatz»"
"1693993818-5","https://www.immoscout24.ch/de/wohnung/mieten/ort-winterthur?pn=5","3,5 Zimmer, 80 m², CHF 1980.—","Wülflingerstrasse 25, 8400 Winterthur, ZH","CHF 1980.—","«Schöne 3.5-Zimmerwohnung mit Balkon zu vermieten»","3,5 Zimmer, 80 m², CHF 1980.—Wülflingerstrasse 25, 8400 Winterthur, ZH«Schöne 3.5-Zimmerwohnung mit Balkon zu vermieten»Wir vermieten per 01. Dezember 2023 diese grosszügige 3.5-Zimmerwohnung im 3.OG in Winterthur. Das Stadtzentrum Winterthur ist in wenigen Minuten erreichbar.Einkaufsmöglichkeiten und öffentliche Verkehrsmitel befinden sind in unmittelbarer Nähe. Der moderne Innenausbau von der 78 m2 grossen Wohnung bietet Ihnen: - Helles Wohnzimmer mit Parkett und Zugang auf den sonnigen Balkon- Zwei grosszügige Schlafzimmer- Küche mit viel Komfort wie z.B. grosser Kühlschrank, sep. Gefrierfach, Granitabdeckung etc.- Schönes saniertes Bad mit dunklen Bodenplatt"
"1693993818-6","https://www.immoscout24.ch/de/wohnung/mieten/ort-winterthur?pn=5","2,5 Zimmer, 66 m², CHF 2520.—","Ida-Sträuli-Strasse 39, 8404 Winterthur, ZH","CHF 2520.—","«Exklusive 2.5-Zimmer-Wohnung im Herzen des Komforts in Winterthur»","2,5 Zimmer, 66 m², CHF 2520.—Ida-Sträuli-Strasse 39, 8404 Winterthur, ZH«Exklusive 2.5-Zimmer-Wohnung im Herzen des Komforts in Winterthur»Inmitten des 2019 errichteten Sue&Til-Komplexes erwartet Sie eine 2.5-Zimmer-Wohnung, die sich direkt am Eulachpark erstreckt. Diese moderne Wohnung steht ab sofort zur Verfügung oder kann nach individueller Vereinbarung bezogen werden. Die Verkehrsanbindung ist herausragend: Eine Bushaltestelle liegt vor der Haustür, während der Hegi Bahnhof lediglich eine Minute entfernt ist ideal für Pendler und Reisende. Die Wohnung beeindruckt mit einer hochmodernen Küche, ausgestattet mit Geschirrspüler, Kombi-Steamer, Induktionsherd und grossem Kühlschra"
"1693993818-7","https://www.immoscout24.ch/de/wohnung/mieten/ort-winterthur?pn=5","3,5 Zimmer, 171 m², Preis auf Anfrage","Ernst-Jung-Gasse 16B, 8400 Winterthur, ZH","Preis auf Anfrage","«Erstbezug in 3.5 Zimmer-Maisonette-Wohnung in Winterthur»","3,5 Zimmer, 171 m², Preis auf AnfrageErnst-Jung-Gasse 16B, 8400 Winterthur, ZH«Erstbezug in 3.5 Zimmer-Maisonette-Wohnung in Winterthur»Wir bieten per Juni 2023 dieses aussergewöhnliche Duplex-Apartment an, welches sowohl als reines Büro/Atelier wie auch als reiner Wohnraum genutzt werden kann. Es befindet sich in der neuen Lokstadt Überbauung und ist sehr zentral gelegen. Die Siedlung bietet viele Opportunitäten und befindet sich wenige Gehminuten vom Bahnhof Winterthur entfernt. In der unteren Etage findet man eine offene und moderne Küche mit höchstem Ausbaustandard sowie eine grosszügige Wohnfläche mit einem separaten Nassraum. Über die Wendeltreppe wird man in den oberen B"
"1693993818-8","https://www.immoscout24.ch/de/wohnung/mieten/ort-winterthur?pn=5","3,5 Zimmer, 86 m², CHF 1970.—","Hobelwerkweg 39a, 8404 Winterthur, ZH","CHF 1970.—","«Freie Wohnung im Hobelwerk»","3,5 Zimmer, 86 m², CHF 1970.—Hobelwerkweg 39a, 8404 Winterthur, ZH«Freie Wohnung im Hobelwerk»Die Baugenossenschaft mehr als wohnen realisiert auf einem ehemaligen Industrie-Areal in Oberwinterthur ein neues «Leuchtturmprojekt», das Hobelwerk. Auf rund 15'0000 Quadratmetern Land entstehen 5 Häuser mit mehr als 160 Wohnungen mit ganz verschiedenen Grössen und Zuschnitt. Dazu gibt es Gewerberäume und viele gemeinschaftlich genutzte Flächen. Neue Wohn- und Arbeitsformen werden, genauso wie Mitwirkung, Gemeinschaft und Nachhaltigkeit, gefördert. Viele weitere Informationen zur Genossenschaft und zum Projekt erhalten Sie unter www.hobelwerk-"
"1693993818-9","https://www.immoscout24.ch/de/wohnung/mieten/ort-winterthur?pn=5","3,5 Zimmer, 71 m², CHF 1630.—","Hobelwerkweg 39a, 8404 Winterthur, ZH","CHF 1630.—","«Freie Wohnung im Hobelwerk»","3,5 Zimmer, 71 m², CHF 1630.—Hobelwerkweg 39a, 8404 Winterthur, ZH«Freie Wohnung im Hobelwerk»Die Baugenossenschaft mehr als wohnen realisiert auf einem ehemaligen Industrie-Areal in Oberwinterthur ein neues «Leuchtturmprojekt», das Hobelwerk. Auf rund 15'0000 Quadratmetern Land entstehen 5 Häuser mit mehr als 160 Wohnungen mit ganz verschiedenen Grössen und Zuschnitt. Dazu gibt es Gewerberäume und viele gemeinschaftlich genutzte Flächen. Neue Wohn- und Arbeitsformen werden, genauso wie Mitwirkung, Gemeinschaft und Nachhaltigkeit, gefördert. Viele weitere Informationen zur Genossenschaft und zum Projekt erhalten Sie unter www.hobelwerk-"
"1693993818-10","https://www.immoscout24.ch/de/wohnung/mieten/ort-winterthur?pn=5","4,5 Zimmer, 160 m², CHF 3200.—","Marktgasse 17, 8400 Winterthur, ZH","CHF 3200.—","«Traumhaftes Wohnen in der Winterthurer Altstadt: Exklusive 4.5-Zimmer-Dachmaisonettewohnung»","4,5 Zimmer, 160 m², CHF 3200.—Marktgasse 17, 8400 Winterthur, ZH«Traumhaftes Wohnen in der Winterthurer Altstadt: Exklusive 4.5-Zimmer-Dachmaisonettewohnung»"
"1693993818-11","https://www.immoscout24.ch/de/wohnung/mieten/ort-winterthur?pn=5","3,5 Zimmer, 97 m², CHF 2171.—","Neustadtgasse 1a, 8400 Winterthur, ZH","CHF 2171.—","«Leben im Zentrum von Winterthur»","3,5 Zimmer, 97 m², CHF 2171.—Neustadtgasse 1a, 8400 Winterthur, ZH«Leben im Zentrum von Winterthur»Sind sie auf der Suche nach einem neuen Zuhause im Herzen von Winterthur? Dann haben wir das perfekte Objekt für Sie! Mitten in der Altstadt von Winterthur vermieten wir eine gemütliche 3.5 Zimmer-Wohnung. Die Wohnung im 3. Obergeschoss erreichen Sie mit dem Lift und via Treppe gelangen Sie in das Studio, welches im Dachgeschoss liegt. Die Wohnung bietet Ihnen folgende Highlights:praktischer Grundrissoffene Küche mit Geschirrspüler, Glaskeramikherd und hochliegendem Backofenoffener Wohn-/Essbereich eigener Waschturmzentrale LageFür einen Besich"
"1693993818-12","https://www.immoscout24.ch/de/wohnung/mieten/ort-winterthur?pn=5","4,5 Zimmer, 103 m², CHF 2470.—","Hobelwerkweg 39, 8404 Winterthur, ZH","CHF 2470.—","«Freie Wohnung im Hobelwerk»","4,5 Zimmer, 103 m², CHF 2470.—Hobelwerkweg 39, 8404 Winterthur, ZH«Freie Wohnung im Hobelwerk»Die Baugenossenschaft mehr als wohnen realisiert auf einem ehemaligen Industrie-Areal in Oberwinterthur ein neues «Leuchtturmprojekt», das Hobelwerk. Auf rund 15'0000 Quadratmetern Land entstehen 5 Häuser mit mehr als 160 Wohnungen mit ganz verschiedenen Grössen und Zuschnitt. Dazu gibt es Gewerberäume und viele gemeinschaftlich genutzte Flächen. Neue Wohn- und Arbeitsformen werden, genauso wie Mitwirkung, Gemeinschaft und Nachhaltigkeit, gefördert. Viele weitere Informationen zur Genossenschaft und zum Projekt erhalten Sie unter www.hobelwerk-"
"1693993818-13","https://www.immoscout24.ch/de/wohnung/mieten/ort-winterthur?pn=5","2,5 Zimmer, 55 m², CHF 1770.—","Wülflingerstrasse 155, 8408 Winterthur, ZH","CHF 1770.—","«Urbanes Wohnerlebnis»","2,5 Zimmer, 55 m², CHF 1770.—Wülflingerstrasse 155, 8408 Winterthur, ZH«Urbanes Wohnerlebnis»Per sofort oder nach Vereinbarung vermieten wir diese schöne 2.5-Zimmerwohnung im Herzen von Winterthur. Die Wohnung bietet Ihnen folgende Annehmlichkeiten: - Schlafzimmer mit Laminatboden- Küche und Nasszelle mit pflegeleichtem Boden- Grosses Wohnzimmer mit viel Tageslicht- Helles und geräumiges Zimmer- Küche mit Glaskeramikherd, Geschirrspüler, und ausreichend Stauraum für Ihre Küchenutensilien- Badezimmer mit WC, Lavabo, Spiegelschrank und Dusche- Korridor mit praktischen Einbauschränken- Waschküche und Trockenraum zur Mitbenutzung HaustiereAnbieter kontaktierenKontaktieren"
"1693993818-14","https://www.immoscout24.ch/de/wohnung/mieten/ort-winterthur?pn=5","1 Zimmer, CHF 800.—","Walkestrasse 5, 8400 Winterthur, ZH","CHF 800.—","«Schönes 1 Zimmer Studio (möbliert) im zentralen Winterthur»","1 Zimmer, CHF 800.—Walkestrasse 5, 8400 Winterthur, ZH«Schönes 1 Zimmer Studio (möbliert) im zentralen Winterthur»"
"1693993818-15","https://www.immoscout24.ch/de/wohnung/mieten/ort-winterthur?pn=5","2,5 Zimmer, 80 m², CHF 1760.—","Zürcherstrasse 62a, 8406 Winterthur, ZH","CHF 1760.—","«Grosszügige Wohnung in Töss»","2,5 Zimmer, 80 m², CHF 1760.—Zürcherstrasse 62a, 8406 Winterthur, ZH«Grosszügige Wohnung in Töss»Wir vermieten per 1. Oktober 2023 diese grosszügige 2.5-Zimmer-Wohnung im 2. OG.Die Wohnung verfügt über ein Bad mit Dusche und Badewanne, sowie eine eigene Waschmaschine / Wäschetrockner.Im Wohnzimmer als auch im Schlafzimmer ist Laminat verlegt. Im Bad keramische Platten. In der Wohnung hat es einen 8 m² grossen Abstellraum.Gerne können wir einen Besichtigungstermin vereinbaren."
"1693993818-16","https://www.immoscout24.ch/de/wohnung/mieten/ort-winterthur?pn=5","3,5 Zimmer, 98 m², CHF 2358.—","Schlosstalstrasse 26, 8406 Winterthur, ZH","CHF 2358.—","«Modernes Wohnen in Winterthur»","3,5 Zimmer, 98 m², CHF 2358.—Schlosstalstrasse 26, 8406 Winterthur, ZH«Modernes Wohnen in Winterthur»Die Wohnung auf einen Blick:- Grosser Wohn-/Essbereich mit offener Küche - separates Gäste-WC mit Dusche- Die ganze Wohnung ist mit Platten ausgestattet- Zwei grosszügige Balkone - Direkter Zugang zur Wohnung via Lift- Eigener Waschturm in der Wohnung- Kontrollierte WohnungslüftungIhre weiteren Vorteile:- Gute Anbindung an den öffentlichen Verkehr- Autobahnanschluss gut erreichbar- Einkaufsmöglichkeiten in nur 600m Entfernung Wichtig:- Mietzins monatlich ab 01.11.2023: Netto CHF 2'345.00, HK/BK akonto CHF 150.00, brutto CHF 2'495.00Tiefgaragenp"
"1693993818-17","https://www.immoscout24.ch/de/wohnung/mieten/ort-winterthur?pn=5","4,5 Zimmer, 89 m², CHF 2490.—","Freiestrasse 57, 8406 Winterthur, ZH","CHF 2490.—","«Top moderne und gehobene Wohnung»","4,5 Zimmer, 89 m², CHF 2490.—Freiestrasse 57, 8406 Winterthur, ZH«Top moderne und gehobene Wohnung»Wir vermieten per 1. Oktober 2023 oder nach Vereinbarung eine moderne 4.5-Zimmerwohnung im 2. OG mit grossem Home-Office Raum im Dachgeschoss (kann auch als zusätzliche Wohnfläche oder Spielfläche genutzt werden). Die Wohnung besticht mit einem durchdachten Raum- sowie Materialisierungskonzept und verfügt über einen top Ausbaustandard. Die Highlights kurz zusammengefasst:- Heller Plattenbelag im Wohn-/Küchenbereich und Schlafzimmer- Stillvolle weisse Küche mit Granit-Abstellfläche, Glaskeramikherd, Backofen und Steamer und Kühlschrank mit Gefri"
"1693993818-18","https://www.immoscout24.ch/de/wohnung/mieten/ort-winterthur?pn=5","2 Zimmer, 48 m², CHF 1490.—","Römerstrasse 145, 8404 Winterthur, ZH","CHF 1490.—","«2 Zimmerwohnung mit Balkon an zentraler Lage»","2 Zimmer, 48 m², CHF 1490.—Römerstrasse 145, 8404 Winterthur, ZH«2 Zimmerwohnung mit Balkon an zentraler Lage»2 Zimmerwohnung an zentraler Lage mit Lift- Grosse Küche mit Zugang zum Balkon- Neue Laminatbodenbeläge- Einbauschränke im Korridor mit viel Stauraum- Tiefgaragenplatz vorhanden (Fr. 125.00/Monat)- Mietbeginn per sofort oder nach VereinbarungDie Bilder sind aus einer vergleichbaren WohnungFür eine unverbindliche Besichtigung können Sie uns gerne kontaktieren."
"1693993818-19","https://www.immoscout24.ch/de/wohnung/mieten/ort-winterthur?pn=5","3,5 Zimmer, 88 m², CHF 1990.—","Wieshofstrasse 24, 8408 Winterthur, ZH","CHF 1990.—","«Renovierte Altbauwohnung in Wülflingen»","3,5 Zimmer, 88 m², CHF 1990.—Wieshofstrasse 24, 8408 Winterthur, ZH«Renovierte Altbauwohnung in Wülflingen»"
"1693993818-20","https://www.immoscout24.ch/de/wohnung/mieten/ort-winterthur?pn=5","4 Zimmer, 100 m², CHF 3125.—","8400 Winterthur, ZH","CHF 3125.—","«MÖBLIERT, TEMPORÄR: 4 ZIMMER-DACHWOHNUNG IN WINTERTHUR - STADT»","4 Zimmer, 100 m², CHF 3125.—8400 Winterthur, ZH«MÖBLIERT, TEMPORÄR: 4 ZIMMER-DACHWOHNUNG IN WINTERTHUR - STADT»MIETDAUER ab 1. Januar 2024 bis 30. Juni 2024 (mind. 6 Monate) Erleben Sie den Charme der historischen Altstadt von Winterthur in dieser einzigartigen 4-Zimmer-Wohnung! Die Wohnung ist komplett möbliert und bietet Ihnen ein komfortables und stilvolles Wohnen, 100m², im 3. Stock, mit Lift, Öffentliche Parkplätze in der Nähe, Autobahneinfahrt in der Nähe. Inkl. Heizung, Strom, Wasser, Internet, TV (inkl. Anschluss und Abo), ... Weitere Infos, Fragen & Besichtigen: ums.ch/angebots-detail/60158/English: ums.ch/offer-detail/60158/Français: ums.ch/of"
"1693993818-21","https://www.immoscout24.ch/de/wohnung/mieten/ort-winterthur?pn=5","4,5 Zimmer, CHF 2200.—","Tösstalstrasse 234, 8405 Winterthur, ZH","CHF 2200.—","«4.5 Zimmerwohnung zu vermieten in Winterthur Seen befristet bis März 2024»","4,5 Zimmer, CHF 2200.—Tösstalstrasse 234, 8405 Winterthur, ZH«4.5 Zimmerwohnung zu vermieten in Winterthur Seen befristet bis März 2024»Wir vermieten an sehr guter Lage in Winterthur Seen eine 4.5 Zimmerwohnung - befristet bis März 2024 mit Küche, Bad / WC, Wohnzimmer und weiterem Raumangebot.Einkaufsmöglichkeiten, Gastronomie, Schulen und Tankstellen auch in der Nähe.Haben wir Ihr Interesse geweckt? Rufen Sie uns an für einen Besichtigungstermin.Wir freuen uns auf Sie!Westdoor AG"
"1693993818-22","https://www.immoscout24.ch/de/wohnung/mieten/ort-winterthur?pn=5","2,5 Zimmer, 55 m², CHF 2450.—","Tössfeldstrasse 67, 8406 Winterthur, ZH","CHF 2450.—","«Exklusives Business Apartment»","2,5 Zimmer, 55 m², CHF 2450.—Tössfeldstrasse 67, 8406 Winterthur, ZH«Exklusives Business Apartment»An zentraler Lage in Winterthur vermieten wir eine hochwertig möblierte 2.5-Zimmer-Wohnung. Die Wohnung ist einem modern saniertem und grosszügigen Mehrfamilienhaus in Winterthur. Grosszügige Fenster garantieren einen lichtdurchfluteten Raum mit angenehmer Wohnatmosphäre. Die Wohnung verfügt zudem über einen Balkon, grosse Badewanne, Reduit in der Wohnung, moderne Küche und einem praktischen Grundriss.Die Bushaltestelle befindet sich nur wenige Meter entfernt und bringt Sie bequem zum Hauptbahnhof Winterthur. In der nahen Umgebung befinden sich"
"1693993818-23","https://www.immoscout24.ch/de/wohnung/mieten/ort-winterthur?pn=5","1,5 Zimmer, 36 m², CHF 2100.—","Zürcherstrasse 143, 8406 Winterthur, ZH","CHF 2100.—","«BUSINESS APARTMENT - Voll möbliert»","1,5 Zimmer, 36 m², CHF 2100.—Zürcherstrasse 143, 8406 Winterthur, ZH«BUSINESS APARTMENT - Voll möbliert»An zentraler Lage in Winterthur vermieten wir eine hochwertig möblierte 1.5-Zimmer-Wohnung. Die Wohnung ist in einem modernen Mehrfamilienhaus in Winterthur. Grosszügige Fenster garantieren einen lichtdurchfluteten Raum mit angenehmer Wohnatmosphäre. Die Wohnung verfügt über eine Loggia, grosse Dusche mit Glastrennwand, eigene WM/TU, eine moderne Küche und einem praktischen Grundriss.Die Bushaltestelle befindet sich nur wenige Meter entfernt und bringt Sie bequem zum Hauptbahnhof Winterthur. In der nahen Umgebung befinden sich zahlreiche Restau"
"1693993818-24","https://www.immoscout24.ch/de/wohnung/mieten/ort-winterthur?pn=5","3,5 Zimmer, 80 m², CHF 2232.—","8400 Winterthur, ZH","CHF 2232.—","«MÖBLIERT, TEMPORÄR: 3½ ZI-WOHNUNG IN WINTERTHUR - WÜLFLINGEN»","3,5 Zimmer, 80 m², CHF 2232.—8400 Winterthur, ZH«MÖBLIERT, TEMPORÄR: 3½ ZI-WOHNUNG IN WINTERTHUR - WÜLFLINGEN»MIETDAUER ab 3. Januar 2024 bis 17. Mai 2024 (mind. 4 Monate) Charmante Altbau Wohnung im Erdgeschoss in einem ruhigen & freundlichen Quartier mit viel umliegender Natur & trotzdem nah am Bahnhof, 80m², im 1. Stock, 1 Terrasse, Garten, Gartensitzplatz (zur Mitbenützung), Öffentliche Parkplätze in der Nähe. Inkl. Heizung, Strom, Wasser, Internet, ... Weitere Infos, Fragen & Besichtigen: ums.ch/angebots-detail/60119/English: ums.ch/offer-detail/60119/Français: ums.ch/offre-detail/60119/"
"1693993822-25","https://www.immoscout24.ch/de/wohnung/mieten/ort-winterthur?pn=4","4,5 Zimmer, 107 m², CHF 1750.—","Wässerwiesenstrasse 65, 8408 Winterthur, ZH","CHF 1750.—","«grosszügig und teilsaniert»","4,5 Zimmer, 107 m², CHF 1750.—Wässerwiesenstrasse 65, 8408 Winterthur, ZH«grosszügig und teilsaniert»Nächste Sammelbesichtigung (ohne Voranmeldung):- Mittwoch, 13. September 2023 ab 18.00 Uhr bis 19.00 Uhr- bitte klingeln Sie bei Frau JenkalPer 16. November 2023 vermieten wir eine grosszügige 4.5 Zimmerwohnung in Wülflingen. Die Wohnung verfügt über: geräumige Küche mit sämtlichen Küchengerätemodernes BadezimmerWohnzimmer mit ParkettKorridor mit praktischen Wandschränkensep. ReduitBalkon mit Abendsonne und WeitblickLifteigenes Kellerabteil Ein Parkplatz oder Einstellplatz kann auf Wunsch dazugemietet werden. HabNeu"
"1693993822-26","https://www.immoscout24.ch/de/wohnung/mieten/ort-winterthur?pn=4","3 Zimmer, 60 m², CHF 1340.—","Auwiesenstrasse 7, 8406 Winterthur, ZH","CHF 1340.—","«Schöne 3.0-Zimmerwohnung in Winterthur-Töss»","3 Zimmer, 60 m², CHF 1340.—Auwiesenstrasse 7, 8406 Winterthur, ZH«Schöne 3.0-Zimmerwohnung in Winterthur-Töss»Die Besichtigungen finden - ohne Voranmeldung - wie folgt statt:Donnerstag, 7. September 2023 von 16.00 Uhr bis 19.00 UhrMontag, 11. September 2023 von 16.00 Uhr bis 19.00 UhrBitte klingeln Sie bei Both. Ihre Fragen werden gerne vor Ort beantwortet.Im sonnigen und ruhigen Quartier in Winterthur-Töss vermieten wir per 01.12.2023 oder nach Vereinbarung eine grosszügige 3.0-Zimmerwohnung im 2. OG ohne Lift.Die gute Lage der Liegenschaft macht diese Wohnung zu einem idealen Zuhause für Personen, die auf öffentliche Verkehrsmittel angewiesen sind unNeu"
"1693993822-27","https://www.immoscout24.ch/de/wohnung/mieten/ort-winterthur?pn=4","4,5 Zimmer, 92 m², CHF 1928.—","Wurmbühlstrasse 10, 8405 Winterthur, ZH","CHF 1928.—","«gemütliche 4.5 Zimmerwohnung in Seen»","4,5 Zimmer, 92 m², CHF 1928.—Wurmbühlstrasse 10, 8405 Winterthur, ZH«gemütliche 4.5 Zimmerwohnung in Seen»Besichtigungstermine:Freitag, 1. September 2023 von 18:00 Uhr bis 19:00 UhrFreitag, 8. September 2023 von 17:00 Uhr bis 19:00 UhrPer 1. November 2023 vermieten wir diese gemütliche 4.5-Zimmer-Wohnung in einem ruhigen Wohnquartier in Seen. Die Bushaltestellen Etzberg und St. Urban befinden sich in unmittelbarer Nähe, ebenso wie das Einkaufszentrum Grüze. Die Altstadt ist mit dem Bus in 10 Minuten erreichbar.Die Wohnung verfügt über:- Küche mit Glaskeramikherd, Geschirrspüler, grossen Kühlschrank mit sep. Gefrierschubladen, Granitabdeckung- gross"
"1693993822-28","https://www.immoscout24.ch/de/wohnung/mieten/ort-winterthur?pn=4","3 Zimmer, CHF 1640.—","Auwiesenstrasse 13, 8406 Winterthur, ZH","CHF 1640.—","«Auwiesenstrasse 13, 8406 Winterthur»","3 Zimmer, CHF 1640.—Auwiesenstrasse 13, 8406 Winterthur, ZH«Auwiesenstrasse 13, 8406 Winterthur»Per 01.10.2023 vermieten wir diese optimal gelegene 3-Zimmerwohnung im 5.OG. Von diesem Standort erreichen Sie das Stadtzentrum, sowie auch die Autobahn in kürzester Zeit. Ausserdem bietet Ihnen die Wohnung folgende Annehmlichkeiten: - Wohnzimmer mit Parkettboden, Bad und Küche mit Plattenboden- Abgeschlossene Küche mit sehr viel Stauraum- Gut besonnter Balkon- Im Grünen gelegen Einkaufsmöglichkeiten, sowie der öffentliche Verkehr sind in nächster Nähe zu erreichen. Konnten wir Ihr Interesse wecken?"
"1693993822-29","https://www.immoscout24.ch/de/wohnung/mieten/ort-winterthur?pn=4","3,5 Zimmer, 76 m², CHF 1946.—","Reismühlestr. 3, 8409 Winterthur, ZH","CHF 1946.—","«Gemütlich und modern am Eulachpark»","3,5 Zimmer, 76 m², CHF 1946.—Reismühlestr. 3, 8409 Winterthur, ZH«Gemütlich und modern am Eulachpark»Innert wenigen Gehminuten gelangen Sie zum Bahnhof Oberwinterthur. Auch der Eulachpark ist bequem zu Fuss erreichbar. Die Liegenschaft wurde 2018 umfassend saniert. Die Wohnung überzeugt mit folgenden Eigenschaften:  - Helle Räume - Moderne, offene Küche mit Geschirrspüler und Sichtbackofen - Gesamte Wohnung mit Parkettboden ausgestattet - Eigener Waschturm in der Wohnung (Waschmaschine und Tumbler) - Modernes Badezimmer mit Badewanne und Fenster - Sonniger Balkon - Glasfaseranschluss - Kellerabteil vorhanden - Lift vorhanden  Zur AllgemeinnutzAnbieter kontaktierenKontaktieren"
"1693993822-30","https://www.immoscout24.ch/de/wohnung/mieten/ort-winterthur?pn=4","2,5 Zimmer, 65 m², CHF 1930.—","Wässerwiesenstrasse 22, 8408 Winterthur, ZH","CHF 1930.—","«2.5-Zimmer-Wohnung im Gartenhof Quartier»","2,5 Zimmer, 65 m², CHF 1930.—Wässerwiesenstrasse 22, 8408 Winterthur, ZH«2.5-Zimmer-Wohnung im Gartenhof Quartier»Diese 2.5-Zimmerwohnung im 3.Stock befindet sich in der Siedlung Gartenhof in Winterthur und bietet folgende Annehmlichkeiten. - Moderne Küche mit Glaskeramik und Geschirrspüler- Eigener Waschturm- Eine Nasszelle- Balkon- Feinsteinzeugplatten in den Nasszellen und in der Küche- Matt versiegelten Eichenparkett in Wohn-, Schlafzimmer und Korridor- Kellerabteil- Einstellplatz kann für CHF 140.- / 190.- dazugemietet werden Bitte nehmen Sie zur Kenntnis, dass es sich um Musterfotos handelt. Die Überbauung Gartenhof bietet idealen Lebensraum für alleAnbieter kontaktierenKontaktieren"
"1693993822-31","https://www.immoscout24.ch/de/wohnung/mieten/ort-winterthur?pn=4","4,5 Zimmer, 112 m², CHF 3970.—","Ernst-Jung-Gasse 18, 8400 Winterthur, ZH","CHF 3970.—","«ERSTBEZUG - Exklusive zentralgelegene 4.5-Zi. Eigentumswohnung»","4,5 Zimmer, 112 m², CHF 3970.—Ernst-Jung-Gasse 18, 8400 Winterthur, ZH«ERSTBEZUG - Exklusive zentralgelegene 4.5-Zi. Eigentumswohnung»"
"1693993822-32","https://www.immoscout24.ch/de/wohnung/mieten/ort-winterthur?pn=4","2,5 Zimmer, 45 m², CHF 1380.—","Strittackerstrasse 16, 8406 Winterthur, ZH","CHF 1380.—","«Helle 2.5 Zimmerwohnung in Stadtnähe Winterthur»","2,5 Zimmer, 45 m², CHF 1380.—Strittackerstrasse 16, 8406 Winterthur, ZH«Helle 2.5 Zimmerwohnung in Stadtnähe Winterthur»Die Besichtigungen finden - ohne Voranmeldung - wie folgt statt:Mittwoch, 20. September 2023 von 18.00 Uhr bis 19.00 UhrSamstag. 23. September 2023 von 10.00 Uhr bis 11.00 UhrBitte klingeln Sie bei Kuna. Ihre Fragen werden gerne vor Ort beantwortet.Diese 2.5-Zimmerwohnung mit ca. 45m2 befindet sich in familienfreundlicher Umgebung. In der Siedlung gibt es verschiedene Möglichkeiten, die zum Spielen und Verweilen einladen. Im Quartier befinden sich Kinderhort, Kindergarten und Primarschulen. Zum Bahnhof Töss und zur Bushaltestelle gelangen Sie iNeu"
"1693993822-33","https://www.immoscout24.ch/de/wohnung/mieten/ort-winterthur?pn=4","2 Zimmer, 61 m², CHF 1990.—","Neumarkt 7, 8400 Winterthur, ZH","CHF 1990.—","«Helle Altstadtwohnung mit Balkon und Galeriegeschoss»","2 Zimmer, 61 m², CHF 1990.—Neumarkt 7, 8400 Winterthur, ZH«Helle Altstadtwohnung mit Balkon und Galeriegeschoss»Neu"
"1693993822-34","https://www.immoscout24.ch/de/wohnung/mieten/ort-winterthur?pn=4","2,5 Zimmer, 52 m², CHF 1380.—","Feldstrasse 22, 8400 Winterthur, ZH","CHF 1380.—","«Kleine 2.5 Zimmerwohnung in Veltheim»","2,5 Zimmer, 52 m², CHF 1380.—Feldstrasse 22, 8400 Winterthur, ZH«Kleine 2.5 Zimmerwohnung in Veltheim»Wunderschöne 2.5 Zimmer Dachwohnung mit Mini Dachterrasse/Balkon  in Winterthur Veltheim.Die Wohnung befindet sich im obersten Stock Im EG befindet sich ein Speiserestaurant.( Gartenterrasse im Sommer bis 23:30 geöffnet)4 min zum Zentrum/Bahnhof Winterthur"
"1693993822-35","https://www.immoscout24.ch/de/wohnung/mieten/ort-winterthur?pn=4","5,5 Zimmer, CHF 2960.—","Schlosstalstrasse 219, 8408 Winterthur, ZH","CHF 2960.—","«Wohnen an der Töss»","5,5 Zimmer, CHF 2960.—Schlosstalstrasse 219, 8408 Winterthur, ZH«Wohnen an der Töss»Die Liegenschaft liegt direkt gegenüber der Töss in Wülflingen Winterthur. Einkaufsmöglichkeiten, Restaurants und die öffentlichen Verkehrsmittel befinden sich in unmittelbarer Nähe.Die Wohnung zeichnet sich durch folgende Details aus:- Eingangsbereich, Korridor und Wohnbereich mit hellen Platten- Schlafzimmer mit Vinyl in Parkettoptik- grosses, offenes Wohnzimmer mit angrenzendem Essbereich und Küche- Küche mit modernen Haushaltgeräten- Badezimmer mit Bad und Badezimmer mit Dusche- helle Schlafzimmer mit grossen Fensterflächen- Eingangsbereich"
"1693993822-36","https://www.immoscout24.ch/de/wohnung/mieten/ort-winterthur?pn=4","3,5 Zimmer, 102 m², CHF 3290.—","Oberer Graben 34, 8400 Winterthur, ZH","CHF 3290.—","«3.5 Zimmerwohnung in Winterthur»","3,5 Zimmer, 102 m², CHF 3290.—Oberer Graben 34, 8400 Winterthur, ZH«3.5 Zimmerwohnung in Winterthur»"
"1693993822-37","https://www.immoscout24.ch/de/wohnung/mieten/ort-winterthur?pn=4","4,5 Zimmer, 113 m², CHF 2700.—","Schlosshofstrasse 19, 8400 Winterthur, ZH","CHF 2700.—","«Werk 3 - rundum attrakiv leben im 2. Obergeschoss»","4,5 Zimmer, 113 m², CHF 2700.—Schlosshofstrasse 19, 8400 Winterthur, ZH«Werk 3 - rundum attrakiv leben im 2. Obergeschoss»Herzlich Willkommen im Werk 3. Das gut erschlossene Sulzer-Areal liegt im Brühlberg-Quartier, nahe dem Einkaufszentrum ""Lokwerk"". Das Stadtzentrum ist zu Fuss und per Buss schnell erreichbar, und die Nähe zur Autobahneinfahrt ""Töss"" bringt motorisierten Bewohnerneine zeitsparende Verkehrsanbindung nach Zürich und zum Flughafen. Das Werk 3 bietet viel Raum für individuelles Wohnen. Mit anderen Worten: Hier finden Sie die nötige Ruhe, für die Erfüllung urbaner und doch ungestörter Wohnträume.Die Wohnung ist mit allem ausgestattet, was von einer z"
"1693993822-38","https://www.immoscout24.ch/de/wohnung/mieten/ort-winterthur?pn=4","5,5 Zimmer, 153 m², CHF 3059.—","Gernstrasse 32, 8409 Winterthur, ZH","CHF 3059.—","«wohnen mit Charme in Riegelbau»","5,5 Zimmer, 153 m², CHF 3059.—Gernstrasse 32, 8409 Winterthur, ZH«wohnen mit Charme in Riegelbau»Ab dem 1. Dezember 2023 vermieten wir diese tolle 5.5-Zimmerwohnung im 1. OG mit ca. 153m2 Wohnfläche.Folgendes erwartet Sie:-Grosser Wohn-/Essbereich mit offener Küche-Küche mit Granitabdeckung, Glaskeramikherd, Geschirrspüler und Steamer-Eingangsbereich, Wohn-/Essbereich/Küche und Nasszellen mit Plattenböden-4 Schlafzimmer mit Parkettboden -Cheminée-Grosses Badezimmer mit Badewanne, Dusche und Doppelwaschtisch-Separates WC mit Dusche-Balkon-Eigenes Kellerabteil-Lift-Waschküche zur Mitbenützung (WM/TB)* Bemerkung zum Grundrissplan:Keine Gewähr"
"1693993822-39","https://www.immoscout24.ch/de/wohnung/mieten/ort-winterthur?pn=4","4,5 Zimmer, 117 m², CHF 2270.—","Endlikerstrasse 65, 8400 Winterthur, ZH","CHF 2270.—","«Wohnen an ruhiger, zentraler Lage»","4,5 Zimmer, 117 m², CHF 2270.—Endlikerstrasse 65, 8400 Winterthur, ZH«Wohnen an ruhiger, zentraler Lage»Könnte das Ihr neues Zuhause sein? In ruhiger und dennoch zentraler Lage vermieten wir diese grosszügige Wohnung. Die Wohnung überzeugt mit folgender Ausstattung:Wohn-/Esszimmer: ParkettbodenSchlafzimmer: Parkettboden, BodenheizungKüche mit Balkon: Novilonboden, Schiebetüre, GlaskeramikherdBad/WC: Plattenboden, Spiegelschrankseparates WC: Plattenboden, SpiegelschrankReduitgrosser BalkonKeller- und EstrichabteilLiftSpielplatzDie Liegenschaft wird im Frühjahr 2024 saniert. Die Sanierung wird im bewohnten Zustand durchgeführt und muss während der"
"1693993822-40","https://www.immoscout24.ch/de/wohnung/mieten/ort-winterthur?pn=4","75 m², CHF 1880.—","Burgstrasse 142, 8408 Winterthur, ZH","CHF 1880.—","«Exklusive Dachloft!»","75 m², CHF 1880.—Burgstrasse 142, 8408 Winterthur, ZH«Exklusive Dachloft!»Neuwertige Dachloft - Wohnung zur Miete.Einzigartig, in Bezug auf Lage, Grundriss, Materialisierung. Freie, unverbaubare Sicht auf Obstbaumwiese und Wald, lichtvoll, urban, ruhig und sonnig.Wohnküche mit Miele Geräten.Elegantes Badezimmer mit Badewanne und eigenem Waschtrockner.Garten zur gemeinsamen Nutzung. Kein BalkonParkplatz und Garagenbox nach Bedarf.Gut geeignet für Single oder Paare.Mitten in Winterthur: 5 Fussminuten zur Bushaltestelle Oberfeld, 2 Minuten zum Autobahnanschluss, 7 Velominuten zum HB-Winterthur.Bezugsbereitschaft: per De"
"1693993822-41","https://www.immoscout24.ch/de/wohnung/mieten/ort-winterthur?pn=4","2,5 Zimmer, CHF 1601.—","Untere Vogelsangstrasse 169, 8400 Winterthur, ZH","CHF 1601.—","«Charmante Dachwohnung»","2,5 Zimmer, CHF 1601.—Untere Vogelsangstrasse 169, 8400 Winterthur, ZH«Charmante Dachwohnung»Per 1. November 2023 vermieten wir diese charmante 2.5- Zimmerwohnung im Dachgeschoss.Die Liegenschaft ist sehr zentral gelegen. Die Bushaltestelle ""Storchenbrücke"" liegt direkt vor dem Haus. Die Winterthurer Altstadt ist zu Fuss oder mit dem Fahrrad schnell erreichbar, Einkaufs- und Freizeitmöglichkeiten ganz in der Nähe.Im Wohn- und Schlafzimmer ist Parkett verlegt. Die Küche verfügt über einen Novilon- und das Bad über einen Plattenboden. Die diversen Einbauschränke bieten zusätzlichen Stauraum.Die Waschküche zur gemeinsamen Benützung mit de"
"1693993822-42","https://www.immoscout24.ch/de/wohnung/mieten/ort-winterthur?pn=4","4,5 Zimmer, 107 m², CHF 2928.—","Hirschweg 33, 8405 Winterthur, ZH","CHF 2928.—","«MODERNE Wohnung in Winterthur!»","4,5 Zimmer, 107 m², CHF 2928.—Hirschweg 33, 8405 Winterthur, ZH«MODERNE Wohnung in Winterthur!»Diese schöne 4.5-Zimmer-Wohnung befindet sich in Winterthur im Stadtkreis Seen. Diverse Einkaufsmöglichkeiten, Restaurants und Schulen befindet sich in unmittelbarer Nähe. Das Einkaufszentrum Shopping Seen ist in 4 Fahrminuten oder 12 Minuten zu Fuss erreichbar. Der Autobahnzubringer ist nur in zwei Fahrminute entfernt. Bei den publizierten Bildern handelt es sich um typenähnliche / typengleiche Wohnungen. Abweichungen zum effektiven Angebot sind deshalb möglich.Highlights:moderne Küche mit hochwertigen Geräten lichtdurchfluteter Wohn-/Essberei"
"1693993822-43","https://www.immoscout24.ch/de/wohnung/mieten/ort-winterthur?pn=4","5,5 Zimmer, 170 m², CHF 3900.—","Euelstrasse  56, 8408 Winterthur, ZH","CHF 3900.—","«Die kanns: Sie begeistern!»","5,5 Zimmer, 170 m², CHF 3900.—Euelstrasse  56, 8408 Winterthur, ZH«Die kanns: Sie begeistern!»"
"1693993822-44","https://www.immoscout24.ch/de/wohnung/mieten/ort-winterthur?pn=4","3 Zimmer, 77 m², CHF 1927.—","Hammerweg 1, 8404 Winterthur, ZH","CHF 1927.—","«Ruhige Wohnlage und doch sehr zentral»","3 Zimmer, 77 m², CHF 1927.—Hammerweg 1, 8404 Winterthur, ZH«Ruhige Wohnlage und doch sehr zentral»Die Wohnung befindet sich in einem gepflegten Mehrfamilienhaus. Sie ist ideal für Einzelpersonen oder ein Paar, die eine optimale Anbindung an den öffentlichen Verkehr zu schätzen wissen. Die S-Bahn ist in 15 Gehminuten erreichbar, der Bus in 5 Gehminuten. In unmittelbarer Nähe befinden sich Einkaufsmöglichkeiten. Für Ihre Wohnqualität: - Parkett in Wohn-/Schlafzimmer - Küche mit Glaskeramikherd und praktischen Einbauschränken - Badezimmer/WC - Einbauschrank in Korridor - Sonniger Balkon - Kellerabteil für zusätzlichen StauraumZusätzlich auf Wu"
"1693993822-45","https://www.immoscout24.ch/de/wohnung/mieten/ort-winterthur?pn=4","4,5 Zimmer, 112 m², CHF 3360.—","8400 Winterthur, ZH","CHF 3360.—","«MÖBLIERT, TEMPORÄR: 4½ ZI-WOHNUNG IN WINTERTHUR - STADT»","4,5 Zimmer, 112 m², CHF 3360.—8400 Winterthur, ZH«MÖBLIERT, TEMPORÄR: 4½ ZI-WOHNUNG IN WINTERTHUR - STADT»MIETDAUER ab 8. September 2023 bis 28. November 2023 (mind. 1 Monat) Tolle möblierte 4.5 Zimmer Wohnung in bester Lage zur Zwischenmiete, 112m², 1 Balkon, 1 Einstellhallenplatz (optional CHF 150.-). Inkl. Heizung, Strom, Wasser, Internet, ... Weitere Infos, Fragen & Besichtigen: ums.ch/angebots-detail/57489/English: ums.ch/offer-detail/57489/Français: ums.ch/offre-detail/57489/"
"1693993822-46","https://www.immoscout24.ch/de/wohnung/mieten/ort-winterthur?pn=4","4 Zimmer, 92 m², CHF 2340.—","8404 Winterthur, ZH","CHF 2340.—","«MÖBLIERT: 4 ZI-WOHNUNG IN WINTERTHUR - OBERWINTERTHUR»","4 Zimmer, 92 m², CHF 2340.—8404 Winterthur, ZH«MÖBLIERT: 4 ZI-WOHNUNG IN WINTERTHUR - OBERWINTERTHUR»MIETDAUER ab 1. Januar 2024 (mind. 3 Monate) Kein Wlan vorhanden, da ich alles mit Hotspot bediene, 92m², im 2. Stock, 1 Balkon, 1 eigene Garage, Öffentliche Parkplätze in der Nähe, Autobahneinfahrt in der Nähe. Inkl. Heizung, Strom, Wasser, TV (inkl. Anschluss und Abo), ... Weitere Infos, Fragen & Besichtigen: ums.ch/angebots-detail/60467/English: ums.ch/offer-detail/60467/Français: ums.ch/offre-detail/60467/"
"1693993822-47","https://www.immoscout24.ch/de/wohnung/mieten/ort-winterthur?pn=4","1,5 Zimmer, 36 m², CHF 2100.—","Zürcherstrasse 143, 8406 Winterthur, ZH","CHF 2100.—","«BUSINESS APARTMENT - FULLY FURNISHED»","1,5 Zimmer, 36 m², CHF 2100.—Zürcherstrasse 143, 8406 Winterthur, ZH«BUSINESS APARTMENT - FULLY FURNISHED»An zentraler Lage in Winterthur vermieten wir eine hochwertig möblierte 1.5-Zimmer-Wohnung. Die Wohnung ist einem modern saniertem und grosszügigen Mehrfamilienhaus in Winterthur. Grosszügige Fenster garantieren einen lichtdurchfluteten Raum mit angenehmer Wohnatmosphäre. Die Wohnung verfügt zudem über eine Loggia, grosse Dusche mit Glastrennwand, moderne Küche und einem praktischen Grundriss.Die Bushaltestelle befindet sich nur wenige Meter entfernt und bringt Sie bequem zum Hauptbahnhof Winterthur. In der nahen Umgebung befinden sich zahlreic"
"1693993822-48","https://www.immoscout24.ch/de/wohnung/mieten/ort-winterthur?pn=4","1 Zimmer, 49 m², CHF 1390.—","Wartstr. 30, 8400 Winterthur, ZH","CHF 1390.—","«Perfekte Single-Wohnung direkt am Bahnhof «Mieten ohne Kaution»»","1 Zimmer, 49 m², CHF 1390.—Wartstr. 30, 8400 Winterthur, ZH«Perfekte Single-Wohnung direkt am Bahnhof «Mieten ohne Kaution»»Diese tolle Wohnung an zentraler Lage überzeugt mit folgenden Eigenschaften:- Kochnische mit Glaskeramik und Backofen- Ganze Wohnung Parkett- Wandschrank im Korridor- Dusche/WC- 2. Stock mit Lift- Kein BalkonDen Hauptbahnhof erreichen Sie zu Fuss in nur 2 Gehminuten. Ausserdem gibt es diverse Einkaufsmöglichkeiten in unmittelbarer Gehdistanz und die Altstadt ist auch nicht weit entfernt. Schauen Sie rein, vereinbaren Sie noch heute einen Besichtigungstermin und überzeugen Sie sich selbst von der Wohnung.(Die Bilder entsprechen dem Standard der Anbieter kontaktierenKontaktieren"
"1693993826-49","https://www.immoscout24.ch/de/wohnung/mieten/ort-winterthur?pn=3","3,5 Zimmer, 95 m², CHF 2610.—","Seuzacherstr. 13b, 8400 Winterthur, ZH","CHF 2610.—","«Modern und zentral! Wohnen über der Shopping-Mall!»","3,5 Zimmer, 95 m², CHF 2610.—Seuzacherstr. 13b, 8400 Winterthur, ZH«Modern und zentral! Wohnen über der Shopping-Mall!»Schöne und moderne Wohnung sucht neuen Bewohner!- Zentrale Lage- Gesamte Wohnung mit Parkett- Offene Küche mit Glaskeramikherd, Geschirrspüler und Backofen- Badezimmer mit Badewanne und separates Badezimmer mit Dusche- Waschmaschine / Tumbler in der Wohnung- Grosser Balkon (Loggia)- Reduit- Kellerabteil- Lift- Minergiewohnüberbauung mit kontrollierter Lüftung- Migros direkt in der Liegenschaft (Einkaufszentrum Rosenberg)- Sehr nahe gelegene Busstation Einstellplatz für CHF 140.- pro Monat Homepage: http://www.james-winterthur.chHaben wir Ihr InAnbieter kontaktierenKontaktieren"
"1693993826-50","https://www.immoscout24.ch/de/wohnung/mieten/ort-winterthur?pn=3","2,5 Zimmer, 68 m², CHF 1940.—","Sulzer-Allee 75, 8404 Winterthur, ZH","CHF 1940.—","«Lebensfreude beginnt daheim»","2,5 Zimmer, 68 m², CHF 1940.—Sulzer-Allee 75, 8404 Winterthur, ZH«Lebensfreude beginnt daheim»Willkommen bei sue&tilTauchen Sie ein, denn hier erwartet Sie eine spritzige, inspirierende und innovative Wohnoase, welche auch Ihr Herz höher schlagen lässt!Wir sind die neue Siedlung im modernen Winterthurer Quartier Neuhegi mit Parks und allem, was es für ein aktives Leben braucht. sue&til legt grossen Wert darauf, Ihnen zahlreiche Highlights und Annehmlichkeiten zu bieten. Sie können sicher sein, dass sue&til Ihnen nicht nur alle Ihre Wünsche an Ihr neues Zuhause erfüllt, sondern viel mehr bietet.Für Ihren Wohnkomfort verfügt die Wohnung üAnbieter kontaktierenKontaktieren"
"1693993826-51","https://www.immoscout24.ch/de/wohnung/mieten/ort-winterthur?pn=3","5,5 Zimmer, 124 m², CHF 2560.—","Hegistr. 39f, 8404 Winterthur, ZH","CHF 2560.—","«Moderne, helle Wohnung an zentraler Lage ! * Mieten ohne Kaution*»","5,5 Zimmer, 124 m², CHF 2560.—Hegistr. 39f, 8404 Winterthur, ZH«Moderne, helle Wohnung an zentraler Lage ! * Mieten ohne Kaution*»- Neue, helle Wohnung- Ganze Wohnung Parkett- Moderne Küche mit Glaskeramik und Geschirrspüler- grosszügiges Bad/WC mit Wanne, Doppellavabo und Fenster- sep. Dusche/WC- eigene Waschmaschine mit Tumbler- grosserr Balkon- Kellerabteil- Bahnhof Oberwinterthur in unmittelbarer Nähe- Einstellplätz für CHF 140.00 vorhandenWeitere Informationen auf www.talwiesen.chAnbieter kontaktierenKontaktieren"
"1693993826-52","https://www.immoscout24.ch/de/wohnung/mieten/ort-winterthur?pn=3","1,5 Zimmer, CHF 1150.—","Kurzstrasse 1, 8400 Winterthur, ZH","CHF 1150.—","«1 ½ Zimmer-Wohnung, 8400 Winterthur»","1,5 Zimmer, CHF 1150.—Kurzstrasse 1, 8400 Winterthur, ZH«1 ½ Zimmer-Wohnung, 8400 Winterthur»Wir vermieten per 1. November 2023 oder nach Vereinbarung diese 1.5-Zimmerwohnung im 1. OG. Achtung: Die Fotos stammen von einem Vergleichsobjekt im selben Haus.Die Wohnung wird im Oktober 2023 komplett saniert.Sie wird über folgede Ausstattung verfügen: neue moderne offene KücheNasszelle mit BadewanneFischgrat-Vinyl-Boden im Schlaf-/Wohnzimmer, Keramik in Korridor und BadEingangsbereichBalkonKeller und EstrichMietzins brutto: CHF 1'150.- (inkl. Heiz- und Nebenkosten)Haben wir Ihr Interesse geweckt? Kontaktieren Sie uns via Kontaktformular damiNeu"
"1693993826-53","https://www.immoscout24.ch/de/wohnung/mieten/ort-winterthur?pn=3","2,5 Zimmer, 65 m², CHF 1673.—","Holzlegistrasse 49a, 8408 Winterthur, ZH","CHF 1673.—","«Nähe Lindenplatz Wülflingen»","2,5 Zimmer, 65 m², CHF 1673.—Holzlegistrasse 49a, 8408 Winterthur, ZH«Nähe Lindenplatz Wülflingen»Die grosszügig konzipierte Wohnung verfügt über helle Keramik-Plattenböden, Bodenheizung, Glasfaseranschluss und Garderobe.Die moderne Küche mit Granitabdeckung, Geschirrspülmaschine, grossem Kühlschrank, Glaskeramikkochfeld und hochliegendem Backofen bietet viel Stauraum.Das Badezimmer ist mit Badewanne, Dusche, Doppel-Waschtisch, Toilette sowie Waschmaschine/Trockner ausgestattet.Separates Gäste-WC vorhanden.Gedeckter Balkon mit Reduit und zusätzlicher BalkonAbgeschlossenes, geräumiges Kellerabteil im UG.Ein Garagenplatz kann zum Mietzins vonNeu"
"1693993826-54","https://www.immoscout24.ch/de/wohnung/mieten/ort-winterthur?pn=3","3 Zimmer, 62 m², CHF 1496.—","Zürcherstrasse 75, 8406 Winterthur, ZH","CHF 1496.—","«Verkehrsgünstige aber ruhige Lage in Winterthur!»","3 Zimmer, 62 m², CHF 1496.—Zürcherstrasse 75, 8406 Winterthur, ZH«Verkehrsgünstige aber ruhige Lage in Winterthur!»Wir vermieten diese gemütliche und schöne 2-Zimmerwohnung. Dieses kleine Schmuckstück hat Ihnen unter anderem folgende Annehmlichkeiten zu bieten:- Wohnzimmer mit Parkettboden- übrige Zimmer mit Linoleumboden- helle Küche mit Fenster- Glaskeramikherd- Klinker im Korridor- Einbauschrank- Balkon- Keller- und Estrichabteil vorhandenEs handelt sich um Musterbilder, die den Ausbaustandard zeigen. Die genaue Raumaufteilung entnehmen Sie bitte dem Grundriss.Die Bushaltestelle ""Winterthur, Schöntal"", welche von der Linie 2 und 7 bedient wird, bringt Si"
"1693993826-55","https://www.immoscout24.ch/de/wohnung/mieten/ort-winterthur?pn=3","3,5 Zimmer, CHF 1600.—","Kanzleistrasse 17, 8405 Winterthur, ZH","CHF 1600.—","«Zentral wohnen»","3,5 Zimmer, CHF 1600.—Kanzleistrasse 17, 8405 Winterthur, ZH«Zentral wohnen»Bereits per Mitte September oder nach Vereinbarung vermieten wir diese 3.5-Zimmerwohnung direkt neben dem Shopping SeenDie Wohnung bietet Ihnen folgende Annehmlichkeiten:- Parkettboden im Wohnbereich und Zimmer- Badezimmer mit Plattenboden- ältere Küche mit Elektroherd, Kühlschrank und Stauraum für Küchenutensilien- Badezimmer mit Badewanne, Lavabo und WC- Gedeckter Balkon- Eigenes Kellerabteil- Waschküche zur MitbenutzungDie Haustierhaltung ist in dieser Liegenschaft erlaubt.Ein Einstellhallenplatz kann für monatlich CHF 120.- dazu gemietet weAnbieter kontaktierenKontaktieren"
"1693993826-56","https://www.immoscout24.ch/de/wohnung/mieten/ort-winterthur?pn=3","2,5 Zimmer, 98 m², CHF 1600.—","Hofmannstr. 7, 8405 Winterthur, ZH","CHF 1600.—","«Grosszügige 2.5-Zimmer-Wohnung in Winterthur»","2,5 Zimmer, 98 m², CHF 1600.—Hofmannstr. 7, 8405 Winterthur, ZH«Grosszügige 2.5-Zimmer-Wohnung in Winterthur»- gepflegte Liegenschaft- im Grünen- Wohnbereich Parkett- Zimmer Textilbodenbelag- offene Küche mit Essbereich- Bad/WC- Einbauschrank- Galerie (27 m2)- Balkon- im 1.OG, kein Lift- Keller-/Estrichabteil- Haustierhaltung auf Anfrage Einstellplätze à Fr. 120.--/mtl. vorhanden(Die Bilder entsprechen dem Standard und können vom Original abweichen)Anbieter kontaktierenKontaktieren"
"1693993826-57","https://www.immoscout24.ch/de/wohnung/mieten/ort-winterthur?pn=3","4,5 Zimmer, 107 m², CHF 2550.—","Gartenhof 16, 8408 Winterthur, ZH","CHF 2550.—","«4.5-Zimmer-Wohnung im Gartenhof Quartier»","4,5 Zimmer, 107 m², CHF 2550.—Gartenhof 16, 8408 Winterthur, ZH«4.5-Zimmer-Wohnung im Gartenhof Quartier»Diese 4.5-Zimmerwohnung im 4.Stock befindet sich in der Siedlung Gartenhof in Winterthur und bietet folgende Annehmlichkeiten. - Moderne Küche mit Glaskeramik und Geschirrspüler- Eigener Waschturm- Zwei Nasszellen- Balkon- Feinsteinzeugplatten in den Nasszellen und in der Küche- Matt versiegelten Eichenparkett in Wohn-, Schlafzimmer und Korridor- Kellerabteil- Einstellplatz kann für CHF 140.- / 190.- dazugemietet werden Bitte nehmen Sie zur Kenntnis, dass es sich um Musterfotos handelt. Die Überbauung Gartenhof bietet idealen Lebensraum für allAnbieter kontaktierenKontaktieren"
"1693993826-58","https://www.immoscout24.ch/de/wohnung/mieten/ort-winterthur?pn=3","5,5 Zimmer, 143 m², CHF 2680.—","Am Eulachpark 45, 8404 Winterthur, ZH","CHF 2680.—","«Maisonettewohnung im Grünen»","5,5 Zimmer, 143 m², CHF 2680.—Am Eulachpark 45, 8404 Winterthur, ZH«Maisonettewohnung im Grünen»Ihre vier Wände zum Wohlfühlen- Lichtdurchflutete Räume- Vielfältige Einrichtungsmöglichkeiten- Bodenbeläge Parkett- Raumhohe Fenster- Zweifronten-Küche mit Glaskeramik und Geschirrspüler- Bad/WC mit Doppellavabo- Dusche/WC- Reduit mit Waschturm Waschmaschine und Tumbler- LiftBitte beachten Sie, dass wir bis Ende 2024 in der Liegenschaft die Fenster und Fassade erneuern. Die Liegenschaft befindet sich derzeit in einer Baustelle.Einstellplätze vorhanden CHF 145.00--> Die Bilder entsprechen dem StandardEine Liegenschaft mit LIVING SERVICESwww.livAnbieter kontaktierenKontaktieren"
"1693993826-59","https://www.immoscout24.ch/de/wohnung/mieten/ort-winterthur?pn=3","2,5 Zimmer, 111 m², CHF 2515.—","Katharina Sulzer Platz 6, 8400 Winterthur, ZH","CHF 2515.—","«Modernes Wohnen garantiert! MIETEN OHNE KAUTION!»","2,5 Zimmer, 111 m², CHF 2515.—Katharina Sulzer Platz 6, 8400 Winterthur, ZH«Modernes Wohnen garantiert! MIETEN OHNE KAUTION!»Licht und Luft erfüllen Ihr neues Zuhause...- Hochmoderner Bau- origineller Grundriss- hohe Räume und grosse Fenster- alle Wohnräume Parkett- Küche/Bad Feinsteinzeugplatten- untere Etage mit Küche und Wohnbereich- obere Etage mit Galerie für Schlafen, Arbeiten etc.- grosse Küche mit GS, GK und Steamer- Bad mit eigenem Waschturm- elektrische Lamellenstoren- Parterre- Kellerabteil- im aufstrebenden Sulzer-Areal- öffentlicher Verkehr, Einkauf und Stadtzentrum zu Fuss erreichbar- Einstellplätze à Fr. 175.--/Mt. vorhandenFotos zeigen den Standard!=>Anbieter kontaktierenKontaktieren"
"1693993826-60","https://www.immoscout24.ch/de/wohnung/mieten/ort-winterthur?pn=3","1 Zimmer, CHF 1000.—","Tösstalstrasse 16, 8400 Winterthur, ZH","CHF 1000.—","«Studio für Studenten/Praktikanten/Auszubildende in der Altstadt»","1 Zimmer, CHF 1000.—Tösstalstrasse 16, 8400 Winterthur, ZH«Studio für Studenten/Praktikanten/Auszubildende in der Altstadt»Unsere möblierten Studios inmitten der Altstadt Wintertur bieten optimale Voraussetzungen für lang- als auch kurzfristige Aufenthalte (mind. 6 Monate) nahe Ihres Ausbildungs- und/oder Arbeitsortes. Folgendes Studio ist per 1. September 2023 verfügbar: Studio Nr. 5 - ca. 17 m² für CHF 1'000.-Wir bevorzugen ordnungsbewusste junge Menschen, Studenten, Praktikanten und Auszubildende, welche nicht rauchen sowie keine Haustiere besitzen. Folgender Service ist im Mietzins inbegriffen:WLAN Zugriffwöchentliche Reinigung der allg. Räume (Küche, Bad, Eing"
"1693993826-61","https://www.immoscout24.ch/de/wohnung/mieten/ort-winterthur?pn=3","3,5 Zimmer, CHF 1840.—","Im Schützenbühl 3, 8405 Winterthur, ZH","CHF 1840.—","«Wohnen im Grünen und doch Stadtnah!»","3,5 Zimmer, CHF 1840.—Im Schützenbühl 3, 8405 Winterthur, ZH«Wohnen im Grünen und doch Stadtnah!»Sind Sie auf der Suche nach einer Wohnung zum wohlfühlen? Dann ist diese Wohnung genau das Richtige für Sie! Nachstehendes und vieles mehr bietet Ihnen die Wohnung im Schützenbühl:- Helle Küche mit Geschirrspüler- Geräumiges Badezimmer mit Badewanne und Fenster- Helle und grosszügige Räumlichkeiten- Gemütlicher Balkon zum verweilenDesweitern befinden sich diverse Einkaufmöglichkeiten in Gehnähe.Wir freuen uns auf Ihre Kontaktaufnahme, damit wir einen Besichtigungstermin vereinbaren können.Neu"
"1693993826-62","https://www.immoscout24.ch/de/wohnung/mieten/ort-winterthur?pn=3","3 Zimmer, 62 m², CHF 1450.—","Bollstrasse 41, 8405 Winterthur, ZH","CHF 1450.—","«Wunderschöne Gartenwohnung an zentraler Lage»","3 Zimmer, 62 m², CHF 1450.—Bollstrasse 41, 8405 Winterthur, ZH«Wunderschöne Gartenwohnung an zentraler Lage»An einer von Grün umgebenen Liegenschaft an zentraler Lage vermieten wir per 1. November 2023 diese schöne 3-Zimmerwohnung. Highlight dieser Wohnung ist natürlich der eigene Gartensitzplatz.Die Wohnung bietet Ihnen zudem folgendes:- Praktische Einbauschränke im Eingangsbereich- Lichtdurchflutetes Wohnzimmer mit Parkettboden- Laminat in den Schlafzimmern- Heimelige Küche mit Platz für eine Essecke- Helles Bad/WC- Öffentlicher Verkehr, Schulen und Einkauf (Coop Supermarkt, SPAR Express) in wenigen Minuten zu Fuß erreichbarNeu"
"1693993826-63","https://www.immoscout24.ch/de/wohnung/mieten/ort-winterthur?pn=3","3 Zimmer, 66 m², CHF 1760.—","Feldstrasse 11, 8400 Winterthur, ZH","CHF 1760.—","«Wohnung mit Balkon, an zentraler Lage in Winterthur»","3 Zimmer, 66 m², CHF 1760.—Feldstrasse 11, 8400 Winterthur, ZH«Wohnung mit Balkon, an zentraler Lage in Winterthur»Neu"
"1693993826-64","https://www.immoscout24.ch/de/wohnung/mieten/ort-winterthur?pn=3","3 Zimmer, 60 m², CHF 1480.—","Johannisstrasse 3, 8404 Winterthur, ZH","CHF 1480.—","«Stadtnahe, gemütliche Wohnung in Winterthur»","3 Zimmer, 60 m², CHF 1480.—Johannisstrasse 3, 8404 Winterthur, ZH«Stadtnahe, gemütliche Wohnung in Winterthur»Wir vermieten per 1. November 2023 diese gemütliche 3.0 - Zimmerwohnung im 1. OG an der Johannisstrasse 3 in Winterthur. Diese heimelige Wohnung bietet Ihnen:- moderne Küche mit Plattenboden- Alle Zimmer mit Laminat - Badezimmer mit Plattenboden - Im Schlafzimmer und im Wohnzimmer sind Wandschränke vorhanden- Keller sowie Estrich- Garten mit Sitzplatz zur Mitbenützung Die Busstation Stadtrain liegt nur 3 Gehminuten entfernt und man erreicht somit den Hauptbahnhof Winterthur innerhalb von 10 Minuten. Auch der Autobahnanschluss ist in wenigen Min"
"1693993826-65","https://www.immoscout24.ch/de/wohnung/mieten/ort-winterthur?pn=3","2,5 Zimmer, 78 m², CHF 1818.—","Wydenstrasse 43, 8408 Winterthur, ZH","CHF 1818.—","«komfortable 2.5-Zimmerwohnung»","2,5 Zimmer, 78 m², CHF 1818.—Wydenstrasse 43, 8408 Winterthur, ZH«komfortable 2.5-Zimmerwohnung»Per 16. Dezember 2023 vermieten wir diese helle, 2.5-Zimmerwohnung mit Parkett in Wohn- und Schlafräumen.Nahe beim Bahnhof Wülflingen (S-41). 7 Minuten zum HB Winterthur, 4 Minuten zum Freibad Wülflingen (Bus Nr. 7), 37 Minuten zum Flughafen Zürich-Kloten.Zusätzlich bietet die Wohnung weiteren Komfort:- offene moderne Küche- Kühlschrank mit separatem Tiefkühler- eigener Waschturm- 2 Balkone- elektrische Sonnenrollos- Kellerabteil mit Stromanschluss*Im Herbst wurde auf dem Dach eine Solaranlage angebracht. Diese versorgt die Liegenschaft direkt"
"1693993826-66","https://www.immoscout24.ch/de/wohnung/mieten/ort-winterthur?pn=3","4,5 Zimmer, 99 m², CHF 2590.—","Hohfurristrasse 91, 8408 Winterthur, ZH","CHF 2590.—","«Schöne 4.5-Zimmerwohnung in Wülflingen zu vermieten»","4,5 Zimmer, 99 m², CHF 2590.—Hohfurristrasse 91, 8408 Winterthur, ZH«Schöne 4.5-Zimmerwohnung in Wülflingen zu vermieten»Wir vermieten per 01. Oktober 2023 oder nach Vereinbarung diese schöne 4.5-Zimmerwohnung mit wunderbarer Aussicht ins Grüne. Die Liegenschaft wurde im 2014 neu erstellt und befindet sich an ruhiger Lage im Grünen und mit direktem Zugang zum Naherholungsgebiet Brüelberg. Das Zentrum Wülflingen ist zu Fuss in ca. 10 Minuten erreichbar. Der Autobahnanschluss Richtung Zürich/St. Gallen ist ebenfalls innert Kürze zu erreichen. Die ungefähre Fahrzeit mit der Buslinie Nr. 2 in die Altstadt Winterthur dauert ca. 15 bis 20 Minuten. Wülflingen verfügt üb"
"1693993826-67","https://www.immoscout24.ch/de/wohnung/mieten/ort-winterthur?pn=3","4,5 Zimmer, 122 m², CHF 2550.—","Espenstrasse 91, 8408 Winterthur, ZH","CHF 2550.—","«Top ausgestattete und geräumige Gartenwohnung»","4,5 Zimmer, 122 m², CHF 2550.—Espenstrasse 91, 8408 Winterthur, ZH«Top ausgestattete und geräumige Gartenwohnung»An erhöhter Lage vermieten wir diese grosszügige und lichtdurchflutete 4.5-Zimmerwohnung, die Ihnen die folgende Ausstattung zu bieten hat: - ganze Wohnung mit Parkettboden- moderne, offene Küche - mit Granitabdeckung- mit Geschirrspüler- mit Glaskeramikherd- mit hochliegendem Backofen- Bad/WC- separate Dusche/WC- eigener Waschturm - grosser Gartensitzplatz- Kellerabteil- Kinderspielplatz und grosszügige UmgebungDie Musterfotos zeigen lediglich den Ausbaustandard der Wohnung und können vom tatsächlichen Grundriss abweichen. Ein Einstellplatz kaAnbieter kontaktierenKontaktieren"
"1693993826-68","https://www.immoscout24.ch/de/wohnung/mieten/ort-winterthur?pn=3","4,5 Zimmer, 116 m², CHF 2950.—","Hörnlistrasse 85, 8400 Winterthur, ZH","CHF 2950.—","«4 1/2 Maisonette Whg. Grosszügig, sonnig, mit Kamin, 2 Balkone mit schöner Aussicht, 2 Badezimmer»","4,5 Zimmer, 116 m², CHF 2950.—Hörnlistrasse 85, 8400 Winterthur, ZH«4 1/2 Maisonette Whg. Grosszügig, sonnig, mit Kamin, 2 Balkone mit schöner Aussicht, 2 Badezimmer»""4 1/2 Maisonette Whg. Grosszügig, sonnig, mit Kamin, 2 Balkone mit schöner Aussicht, 2 Badezimmer""Die wunderschön gelegene 4 1/2 Zimmer Maisonette Luxus Wohnung hat folgendes zu bieten:2 Schlafzimmer, wobei das grosse Schlafzimmer in zwei kleinere Zimmer geteilt werden könnte (Das 2-Bett-Schlafzimmer ist so gross, dass ein drittes Bett Platz hat).Ein weiterer Raum, Büro oder Schlafzimmer ist separat.1 grosses und helles Wohnzimmer mit Kamin.2 Balkone mit idyllischer und unverbaubarer Aussicht. Der ostseitige Balkon führt in den grossen Wohnber"
"1693993826-69","https://www.immoscout24.ch/de/wohnung/mieten/ort-winterthur?pn=3","2,5 Zimmer, 54 m², CHF 1790.—","Zielstrasse 13, 8400 Winterthur, ZH","CHF 1790.—","«Einmalige 2.5-Zimmer-Wohnung in Stadtnähe»","2,5 Zimmer, 54 m², CHF 1790.—Zielstrasse 13, 8400 Winterthur, ZH«Einmalige 2.5-Zimmer-Wohnung in Stadtnähe»Im schönen Winterthur vermieten wir diese 2.5-Zimmer-Wohnung im 3. Obergeschoss.Alle Wohnräume sind mit dunklem Parkett versehen. Der Eingangsbereich, der Vorplatz sowie das Badezimmer verfügen über einen roten Bodenbelag.Der separate Eingangsbereich bietet dank Garderobenschrank ausgiebig Stauraum.Die moderne, offene Küche ist mit bedienungsfreundlichen Geräten ausgestattet.Das Badezimmer verfügt über eine Badewanne und hellblaue Wandplättli.Lassen Sie Ihren Feierabend auf dem schmucken Balkon ausklingen.Das Einkaufszentrum Rosenberg sowie dieAnbieter kontaktierenKontaktieren"
"1693993826-70","https://www.immoscout24.ch/de/wohnung/mieten/ort-winterthur?pn=3","4,5 Zimmer, 100 m², CHF 2600.—","Schlosshofstrasse 21, 8400 Winterthur, ZH","CHF 2600.—","«Werk 3 - rundum attrakiv leben im 3. Obergeschoss»","4,5 Zimmer, 100 m², CHF 2600.—Schlosshofstrasse 21, 8400 Winterthur, ZH«Werk 3 - rundum attrakiv leben im 3. Obergeschoss»Herzlich Willkommen im Werk 3. Das gut erschlossene Sulzer-Areal liegt im Brühlberg-Quartier, nahe dem Einkaufszentrum ""Lokwerk"". Das Stadtzentrum ist zu Fuss und per Buss schnell erreichbar, und die Nähe zur Autobahneinfahrt ""Töss"" bringt motorisierten Bewohnerneine zeitsparende Verkehrsanbindung nach Zürich und zum Flughafen. Das Werk 3 bietet viel Raum für individuelles Wohnen. Mit anderen Worten: Hier finden Sie die nötige Ruhe, für die Erfüllung urbaner und doch ungestörter Wohnträume.Die Wohnung ist mit allem ausgestattet, was von einer z"
"1693993826-71","https://www.immoscout24.ch/de/wohnung/mieten/ort-winterthur?pn=3","4,5 Zimmer, 106 m², CHF 2290.—","Landvogt-Waser-Strasse 69, 8405 Winterthur, ZH","CHF 2290.—","«Charmante und grosszügige Wohnung in Winterthur Seen»","4,5 Zimmer, 106 m², CHF 2290.—Landvogt-Waser-Strasse 69, 8405 Winterthur, ZH«Charmante und grosszügige Wohnung in Winterthur Seen»In einem ruhigen Wohnquartier vermieten wir per sofort oder nach Vereinbarung eine 4.5-Zimmerwohnung, im 4. Obergeschoss (Attika)- Geräumiges Entrée mit Wandschrank- Grosszügige Küche mit Plattenboden, Geschirrspüler, Glaskeramikherd, Backofen, Dunstabzug und Kühlschrank mit separatem Tiefkühler- Helles Badezimmer mit Badewanne und Fenster- Separates Gäste-WC- Alle Zimmer sind mit Parkett ausgestattet- Kellerraum vorhanden- Bahnhof Seen in Gehdistanz Ein Einstellplatz kann für CHF 125.00/mtl. dazu gemietet werden. Bei diesem Gebäude handelt es"
"1693993826-72","https://www.immoscout24.ch/de/wohnung/mieten/ort-winterthur?pn=3","3,5 Zimmer, 93 m², CHF 1950.—","Römerstr. 128, 8404 Winterthur, ZH","CHF 1950.—","«3.5 Zimmerwohnung nahe dem alten Dorfkern Oberi! ""Mieten ohne Kaution""»","3,5 Zimmer, 93 m², CHF 1950.—Römerstr. 128, 8404 Winterthur, ZH«3.5 Zimmerwohnung nahe dem alten Dorfkern Oberi! ""Mieten ohne Kaution""»Im Dorfkern von Oberwinterthur vermieten wir diese schöne3.5 Zimmerwohnung, profitieren Sie von folgenden Vorzügen.- Moderne Küche mit Glaskeramikherd und Geschirrspüler- Helles Badezimmer mit Dusche und Badewanne - Bodenbelag im Wohnbereich und Korridor Parkett- Schlafzimmer mit Vynil- Praktische Wandschränke im Korridor- Reduit- Kellerabteil- Gut besonnter Balkon- Lift- Ruhige Lage, gepflegte Umgebung- Nähe Einkaufsmöglichkeiten- Gute Verkehrsanbindung(Die Fotos entsprechen dem Standard)Anbieter kontaktierenKontaktieren"
"1693993829-73","https://www.immoscout24.ch/de/wohnung/mieten/ort-winterthur?pn=2","2,5 Zimmer, 74 m², CHF 1592.—","Heiniweg 10, 8404 Winterthur, ZH","CHF 1592.—","«Helle Dachwohnung mit Balkon ""Mieten ohne Kaution""»","2,5 Zimmer, 74 m², CHF 1592.—Heiniweg 10, 8404 Winterthur, ZH«Helle Dachwohnung mit Balkon ""Mieten ohne Kaution""»In Oberwinterthur vermieten wir diese schöne Dachwohnung, profitieren Sie von folgenden Vorzügen;- Parkett im Wohn- und Schlafbereich- Helle Täferdecke- Küche mit Geschirrspüler und Glaskeramikherd- Badezimmer mit Badewanne- Balkon mit toller Aussicht- Estrich- Ruhige und doch zentrale Lage- Gute Einkaufsmöglichkeiten in der Nähe- Nahe gelegener S-Bahn-Anschluss (Bahnhof Wallrüti)(Die Bilder entsprechen dem Standard.)NeuVirtuelle TourAnbieter kontaktierenKontaktieren"
"1693993829-74","https://www.immoscout24.ch/de/wohnung/mieten/ort-winterthur?pn=2","2 Zimmer, 50 m², CHF 1635.—","Tösstalstr. 218, 8405 Winterthur, ZH","CHF 1635.—","«Der Hit! Geräumige 2-Zi. Wohnung zu vermieten!»","2 Zimmer, 50 m², CHF 1635.—Tösstalstr. 218, 8405 Winterthur, ZH«Der Hit! Geräumige 2-Zi. Wohnung zu vermieten!»Der Hit! Geräumige 2-Zi. Wohnung zu vermieten!-geräumige Wohnung-schöner Laminat-und Parkettboden-moderne Küche und Bad-gute Nachbarschaft!-Super Einkaufsmöglichkeiten in unmittelbarer Nähe!-Bus Nr. 2 vor dem Haus!-Es kommt noch eine monatliche Akontozahlung von CHF 150.- für Heiz-/Nebenkosten dazu.Eine Garage kann dazu gemietet werden!Zögern Sie nicht und rufen Sie uns unverbindlich an!Anbieter kontaktierenKontaktieren"
"1693993829-75","https://www.immoscout24.ch/de/wohnung/mieten/ort-winterthur?pn=2","4,5 Zimmer, 102 m², CHF 2530.—","Lettenstrasse 27, 8408 Winterthur, ZH","CHF 2530.—","«Wunderschöne Lage zum Wohnen ""Mieten ohne Kaution""»","4,5 Zimmer, 102 m², CHF 2530.—Lettenstrasse 27, 8408 Winterthur, ZH«Wunderschöne Lage zum Wohnen ""Mieten ohne Kaution""»hochwertig Wohnen in Waldesnähe- neuwertige Küche in schlichter Eleganz- alle Zimmer Eichenparkett- sep. WC mit Waschturm- Bad/Dusche/WC- grosszügige LoggiaDie Wahl der Materialien schlagen Brücken. Mit der ansprechenden Holzfassade und dem schönen Eichenparkett auf der einen Seite und den top modernen Küchen und Bädern auf der anderen Seite, werden höchste Wohnansprüche und das Bedürfnis zurück zur Natur vereint. Dafür spricht auch das Modell der 2000-Watt-Gesellschaft. Die Wohnungen verfügen über eine kontrollierte Wohnraumlüftung, was ein anAnbieter kontaktierenKontaktieren"
"1693993829-76","https://www.immoscout24.ch/de/wohnung/mieten/ort-winterthur?pn=2","3,5 Zimmer, 101 m², CHF 2210.—","Sulzer-Allee 77, 8404 Winterthur, ZH","CHF 2210.—","«Energie sparen? Wohnung im Minergie-Haus»","3,5 Zimmer, 101 m², CHF 2210.—Sulzer-Allee 77, 8404 Winterthur, ZH«Energie sparen? Wohnung im Minergie-Haus»Willkommen bei sue&tilTauchen Sie ein, denn hier erwartet Sie eine spritzige, inspirierende und innovative Wohnoase, welche auch Ihr Herz höher schlagen lässt!Wir sind die neue Siedlung im modernen Winterthurer Quartier Neuhegi mit Parks und allem, was es für ein aktives Leben braucht. sue&til legt grossen Wert darauf, Ihnen zahlreiche Highlights und Annehmlichkeiten zu bieten. Sie können sicher sein, dass sue&til Ihnen nicht nur alle Ihre Wünsche an Ihr neues Zuhause erfüllt, sondern viel mehr bietet.Für Ihren Wohnkomfort verfügt die Wohnung üAnbieter kontaktierenKontaktieren"
"1693993829-77","https://www.immoscout24.ch/de/wohnung/mieten/ort-winterthur?pn=2","3,5 Zimmer, 91 m², CHF 2480.—","Rudolfstr. 25, 8400 Winterthur, ZH","CHF 2480.—","«Modernes Wohnen im Herzen der Stadt»","3,5 Zimmer, 91 m², CHF 2480.—Rudolfstr. 25, 8400 Winterthur, ZH«Modernes Wohnen im Herzen der Stadt»Der luxeriöse Ausbaustandart, die eindrückliche Raumhöhe sowie der exklusive Blick über Winterthur machen das Wohnen im Zentrum der Stadt einmalig. - Im oberstes Geschoss mit kreativem Grundriss- Ganze Wohnung Eschenparkett- Variable Raumgestaltung dank Schiebetüren- Moderne, offene Küche- Bad/WC und sep. Dusche/WC mit Natursteinplatten- Waschturm in der Wohnung- Lift direkt in die Wohnung- Entrée mit Garderobenraum- Einbauschränke- Grosse Terrasse (16.4 m2)Die Bilder zeigen den Standard der Liegenschaft und entsprechen nicht immer der angeboteAnbieter kontaktierenKontaktieren"
"1693993829-78","https://www.immoscout24.ch/de/wohnung/mieten/ort-winterthur?pn=2","3,5 Zimmer, 74 m², CHF 1930.—","Dättnauerstr. 141, 8406 Winterthur, ZH","CHF 1930.—","«Hier könnte Ihr Wohntraum in Erfüllung gehen»","3,5 Zimmer, 74 m², CHF 1930.—Dättnauerstr. 141, 8406 Winterthur, ZH«Hier könnte Ihr Wohntraum in Erfüllung gehen»Wenn Sie eine komfortable Wohnung an einer ländlichen und familienfreundlichen Lage suchen, dürfte dieses Angebot Ihr Interesse wecken. Direkt vor der Haustüre befindet sich die Haltestelle der Buslinie 5, welche Sie mit dem lebendigen Stadtzentrum von Winterthur verbindet. Im angrenzenden Naherholungsgebiet finden Sie Ruhe und Raum für Aktivitäten im Freien.Für Ihre Wohnqualität:- Plattenböden in Wohn- und Schlafzimmern- Moderne, offene Küche mit Geschirrspüler und Induktionsherd- Grosszügige Fensterfronten- Zwei Kinderspielplätze- GemeinschafNeu"
"1693993829-79","https://www.immoscout24.ch/de/wohnung/mieten/ort-winterthur?pn=2","2,5 Zimmer, 80 m², CHF 1678.—","Marktgasse 54, 8400 Winterthur, ZH","CHF 1678.—","«Grosse 2 .5-Zimmerwohnung im Herzen der Winterthurer Altstadt»","2,5 Zimmer, 80 m², CHF 1678.—Marktgasse 54, 8400 Winterthur, ZH«Grosse 2 .5-Zimmerwohnung im Herzen der Winterthurer Altstadt»Für die schöne Altstadtwohnung mit grosszügigem Grundriss im 3. Obergeschoss einer gepflegten Altbauliegenschaft suchen wir per 1. November 2023 eine neue Mieterschaft. Die Wohnung weist folgende Vorzüge auf:grosszügiger Eingangsbereich gemütliches Wohnzimmer mit denkmalgeschützter Wandbemalung (an einer Wand)offene Wohnküche Badezimmer mit grosser BadewanneWaschmaschine/Tumbler im Badezimmerruhig gelegenes Schlafzimmer (Seite Innenhof zu Stadthausstrasse)Parkettboden im Wohn- und Schlafzimmer, Keramikplatten in der Küche, Korridor und BadezimmNeu"
"1693993829-80","https://www.immoscout24.ch/de/wohnung/mieten/ort-winterthur?pn=2","2,5 Zimmer, 44 m², CHF 1395.—","Reutlingerstr. 15, 8404 Winterthur, ZH","CHF 1395.—","«Ihr neues Zuhause im Grünen!»","2,5 Zimmer, 44 m², CHF 1395.—Reutlingerstr. 15, 8404 Winterthur, ZH«Ihr neues Zuhause im Grünen!»In diesem gepflegten Mehrfamilienhaus an ruhiger, idyllischer Lage am Stadtrand erwartet Sie ein zeitgemäss ausgestattetes, preisgünstiges Zuhause. Die Liegenschaft ist verkehrstechnisch sehr gut erschlossen, der Autobahnanschluss ist nur 7 Fahrminuten entfernt. Wer mit dem ÖV unterwegs ist, erreicht die Bushaltestelle in 2 Gehminuten (Buslinie 1). In wenigen Minuten sind diverse Lebensmittelläden mit dem Auto oder Bus erreichbar.Für Ihre Wohnqualität: - Parkettboden in Wohn- und Schlafzimmern - Offene Küche mit Glaskeramikherd und GeschirrspülNeu"
"1693993829-81","https://www.immoscout24.ch/de/wohnung/mieten/ort-winterthur?pn=2","1 Zimmer, 28 m², CHF 650.—","Dättnauerstr. 143, 8406 Winterthur, ZH","CHF 650.—","«Mit Abendsonne in den Feierabend»","1 Zimmer, 28 m², CHF 650.—Dättnauerstr. 143, 8406 Winterthur, ZH«Mit Abendsonne in den Feierabend»Suchen Sie ein Zimmer als Wochenaufenthalts Wohnung? Dann finden Sie in der Überbauung in Dättnau Ihr neues Zuhause. Direkt vor der Haustüre hält der Bus Nummer 5 und verbindet Sie mit dem lebendigen Stadtzentrum von Winterthur. Im angrenzenden Naherholungsgebiet finden Sie Ruhe und Raum für Aktivitäten im Freien.Für Ihre Wohnqualität:- Plattenboden im Schlafzimmer- Sonniger Balkon- BadezimmerZusätzlich auf Wunsch: Einstellplatz Tiefgarage CHF 150.-/Monat.Interessiert? Dann lohnt sich eine Besichtigung.Neu"
"1693993829-82","https://www.immoscout24.ch/de/wohnung/mieten/ort-winterthur?pn=2","5,5 Zimmer, 170 m², CHF 2980.—","Euelstrasse  56, 8408 Winterthur, ZH","CHF 2980.—","«Die hat Klasse!»","5,5 Zimmer, 170 m², CHF 2980.—Euelstrasse  56, 8408 Winterthur, ZH«Die hat Klasse!»Neu"
"1693993829-83","https://www.immoscout24.ch/de/wohnung/mieten/ort-winterthur?pn=2","4,5 Zimmer, 107 m², CHF 2500.—","Im Grüntal 10, 8405 Winterthur, ZH","CHF 2500.—","«Ihr neues Zuhause im Grüntal-Quartier»","4,5 Zimmer, 107 m², CHF 2500.—Im Grüntal 10, 8405 Winterthur, ZH«Ihr neues Zuhause im Grüntal-Quartier»Die Besichtigungen finden ohne Voranmeldung wie folgt statt:- Montag, 11.09.2023, 18:00 Uhr - 19:30 Uhr- Montag, 18.09.2023, 18:00 Uhr - 19:30 Uhr- Montag, 25.09.2023, 18:00 Uhr - 19:30 UhrGerne dürfen Sie bei den Mietern Del Gaizo / Maina klingeln. Ihre Fragen werden Ihnen gerne vor Ort beantwortet.Im sonnigen und ruhigen Quartier in Winterthur vermieten wir diese grosszügige 4.5-Zimmerwohnung per 1.12.2023 oder nach Vereinbarung.Die Wohnüberbauung "" Im Grüntal"" befindet sich inmitten des Quartiers im Grüntal. Die Bushaltestelle Grüntal ist diNeu"
"1693993829-84","https://www.immoscout24.ch/de/wohnung/mieten/ort-winterthur?pn=2","4,5 Zimmer, 148 m², CHF 2580.—","Am Eulachpark 21, 8404 Winterthur, ZH","CHF 2580.—","«Die perfekte Wohnung!»","4,5 Zimmer, 148 m², CHF 2580.—Am Eulachpark 21, 8404 Winterthur, ZH«Die perfekte Wohnung!»- Neubau 2006 - Bodenbeläge Riemenparkett- Raumhohe Fenster- Waschturm (WA/WT)- Bad/WC mit Doppellavabo- Dusche/WC- schöner Sitzplatz- Eingangslogia- Reduit- Haustiere nicht erlaubtEinstellplätze CHF 145.00 vorhandenDie Bilder zeigen den Standard der Liegenschaft und entsprechen nicht immer genau der angebotenen Wohnung.NeuAnbieter kontaktierenKontaktieren"
"1693993829-85","https://www.immoscout24.ch/de/wohnung/mieten/ort-winterthur?pn=2","1 Zimmer, 31 m², CHF 877.—","Am Bach 64, 8400 Winterthur, ZH","CHF 877.—","«Wohnen im beliebten Mattenbachquartier!»","1 Zimmer, 31 m², CHF 877.—Am Bach 64, 8400 Winterthur, ZH«Wohnen im beliebten Mattenbachquartier!»Ab 1. Oktober 2023 vermieten wir im Mattenbachquartier an zentraler und ruhiger Lage, eine 1-Zimmer-Wohnung im 3. Obergeschoss.Übersicht WohnungKüche mit Gusskochplattenein Badezimmer mit BadewanneWohnzimmer mit Parkettseparates KellerabteilWaschküche zur Mitbenützung (Termine flexibel über die Waschküchen-App buchbar)UmgebungEinkaufsmöglichkeiten in GehdistanzStadtzentrum mit dem Fahrrad schnell erreichbarBushaltestelle direkt vor dem HausNahegelegener AutobahnanschlussDie Wohnung wird teilsaniert, dementsprechend werden alle Böden durch ParkeAnbieter kontaktierenKontaktieren"
"1693993829-86","https://www.immoscout24.ch/de/wohnung/mieten/ort-winterthur?pn=2","3,5 Zimmer, 93 m², CHF 2190.—","Else-Züblinstr. 101, 8404 Winterthur, ZH","CHF 2190.—","«Moderne 3.5-Zimmer-Wohnung im Eulachhof in Oberwinterthur»","3,5 Zimmer, 93 m², CHF 2190.—Else-Züblinstr. 101, 8404 Winterthur, ZH«Moderne 3.5-Zimmer-Wohnung im Eulachhof in Oberwinterthur»In dieser, im Jahr 2007 erstellten, ersten Null-Energie Wohnüberbauung der Schweiz vermieten wir eine grosszügige und kinderfreundliche 3.5-Zimmer-Wohnung mit grosszügigem Balkon.Alle Wohnräume sind mit schönem Eichenparkett ausgelegt. Die offene Küche mit grauen Steinplatten verfügt über Geschirrspüler und Glaskeramikherd. Die Wohnung verfügt über ein Badezimmer mit Badewanne/WC sowie ein separates WC mit Dusche. Der grosszügige Wohn- und Essbereich lädt zum Verweilen ein. Zusätzlichen Stauraum bietet das Reduit mit eigener Waschmaschine/TumblAnbieter kontaktierenKontaktieren"
"1693993829-87","https://www.immoscout24.ch/de/wohnung/mieten/ort-winterthur?pn=2","4,5 Zimmer, 123 m², CHF 2966.—","Else-Züblin-Strasse 108, 8404 Winterthur, ZH","CHF 2966.—","«Wohnkomfort, der kaum Wünsche offen lässt»","4,5 Zimmer, 123 m², CHF 2966.—Else-Züblin-Strasse 108, 8404 Winterthur, ZH«Wohnkomfort, der kaum Wünsche offen lässt»Die LageDas Trendquartier Neuhegi steht für eine familienfreundliche Infrastruktur, kurze Gehdistanzen zu Schulen und einem vor der Türe gelegenen Naherholungsgebiet. Zudem befindet sich auch die International School in Winterthur.Der nah gelegene Eulachpark bietet für jeden etwas, sei es für Spiel, Bewegung, Spaziergänge, Picknicks oder einfach nur um zu entspannen. Die Buslinie Nr. 7 fährt in unmittelbarer Nähe der Überbauung im Viertelstundentakt zum Bahnhof Winterthur. Mit den ÖV erreichen Sie in 30 Minuten Zürich, 20 Minuten den Flughafen,Anbieter kontaktierenKontaktieren"
"1693993829-88","https://www.immoscout24.ch/de/wohnung/mieten/ort-winterthur?pn=2","2,5 Zimmer, 73 m², CHF 2010.—","Stadthausstr. 13, 8400 Winterthur, ZH","CHF 2010.—","«Maisonette-Wohnung im Herzen der Stadt ""Mieten ohne Kaution""»","2,5 Zimmer, 73 m², CHF 2010.—Stadthausstr. 13, 8400 Winterthur, ZH«Maisonette-Wohnung im Herzen der Stadt ""Mieten ohne Kaution""»- alle Zimmer Parkett- Bad mit Badewanne- Gäste-WC- Küche mit Glaskeramik und Geschirrspüler- Wendeltreppe mit Galerie- Lift - Einkaufsmöglichkeiten in unmittelbarer NäheKeine Parkplätze vorhandenDie Bilder zeigen das Original.- GlasfaseranschlussAnbieter kontaktierenKontaktieren"
"1693993829-89","https://www.immoscout24.ch/de/wohnung/mieten/ort-winterthur?pn=2","1 Zimmer, 39 m², CHF 1255.—","Gutstrasse 11, 8400 Winterthur, ZH","CHF 1255.—","«Zentral gelegen mit grüner Umgebung!»","1 Zimmer, 39 m², CHF 1255.—Gutstrasse 11, 8400 Winterthur, ZH«Zentral gelegen mit grüner Umgebung!»Per 01.10.2023 oder nach Vereinbarung vermieten wir eine Single-Wohnung. Die Wohnung befindet sich an zentraler Lage in Winterthur und punktet mit hellen und attraktiven Räumlichkeiten. Die Wohnung verfügt zudem über:- Küche mit Glaskeramikherd- Parkett im Wohn-/ Schlafzimmer- Plattenboden in Küche und Bad- Genügend Stauraum dank Einbauschrank und eigenem Kellerabteil Das Objekt ist in der Nähe von diversen Einkaufsmöglichkeiten, öffentlichen Verkehrsmitteln wie auch naturnah gelegen.(Die Fotos entsprechen dem Standard, Abweichungen sind möglicAnbieter kontaktierenKontaktieren"
"1693993829-90","https://www.immoscout24.ch/de/wohnung/mieten/ort-winterthur?pn=2","1 Zimmer, 39 m², CHF 1265.—","Gutstrasse 13, 8400 Winterthur, ZH","CHF 1265.—","«Wohnung mit Charme und Stadtnähe!»","1 Zimmer, 39 m², CHF 1265.—Gutstrasse 13, 8400 Winterthur, ZH«Wohnung mit Charme und Stadtnähe!»Wir vermieten diese attraktiv gelegene Wohnung, welche ausserdem folgendes zu bieten hat: - Küche modern mit Glaskeramikherd und Granitabdeckung - Parkettboden im Wohnzimmer, Schlafzimmer und Korridor - Plattenboden in Küche und Bad- Genügend Stauraum dank Einbauschrank- Eigener Kellerabteil im Untergeschoss Das Objekt ist in der Nähe von diversen Einkaufsmöglichkeiten, öffentlichen Verkehrsmittel wie auch naturnah gelegen.(Die Fotos entsprechen dem Standard, kleine Abweichungen sind möglich.)Anbieter kontaktierenKontaktieren"
"1693993829-91","https://www.immoscout24.ch/de/wohnung/mieten/ort-winterthur?pn=2","2 Zimmer, CHF 1450.—","Steinberggasse 65, 8400 Winterthur, ZH","CHF 1450.—","«Renovierte Altbauwohnung mit viel Charme»","2 Zimmer, CHF 1450.—Steinberggasse 65, 8400 Winterthur, ZH«Renovierte Altbauwohnung mit viel Charme»Wir vermieten ab 1. November 2023 eine kleine aber feine Altstadtwohnung nähe Neumarkt. Die Wohnung wurde 2017 teilsaniert weist folgende Vorzüge auf:Flur mit historischem Einbauschrankmoderne Einbauküche mit Waschmaschine und separatem Kühlschrankalle Wohnräume mit Echtparkettgemütliche Sitzbank im Wohnzimmermoderner Pelletofen zum heizen der Räumlichkeiten (keine Zentralheizung)historische Einbauschränke im SchlafzimmerBadezimmer mit BadewanneÜberzeugen Sie sich am besten gleich vor Ort von dieser Wohnung. Ein Anmeldeformular erhalten Sie ebeAnbieter kontaktierenKontaktieren"
"1693993829-92","https://www.immoscout24.ch/de/wohnung/mieten/ort-winterthur?pn=2","4,5 Zimmer, 104 m², CHF 2820.—","Magazingasse 2, 8400 Winterthur, ZH","CHF 2820.—","«Stadtnahes Wohnen»","4,5 Zimmer, 104 m², CHF 2820.—Magazingasse 2, 8400 Winterthur, ZH«Stadtnahes Wohnen»Die LageIhr neues Zuhause liegt im Veltheim-Quartier in der neuen Überbauung Zur Weinlese. Hier treffen Sie auf Grossstadt-Flair, welches sich mit dörflicher Gelassenheit vereint hat. Sie profitieren von einer herausragenden Infrastruktur mit einem breiten Angebot und müssen dennoch nicht auf Ruhe und Rückzugsmöglichkeiten verzichten.Winterthur bietet vielfältige Einkaufsmöglichkeiten, Cafés und Restaurants sowie ein breites Sport- und Kulturangebot. Die hübsche Altstadt ist in wenigen Minuten erreichbar und überzeugt mit einer ausgedehnten FusAnbieter kontaktierenKontaktieren"
"1693993829-93","https://www.immoscout24.ch/de/wohnung/mieten/ort-winterthur?pn=2","3,5 Zimmer, 84 m², CHF 2192.—","Solarstrasse 7, 8404 Winterthur, ZH","CHF 2192.—","«Moderne Wohnung in Winterthur»","3,5 Zimmer, 84 m², CHF 2192.—Solarstrasse 7, 8404 Winterthur, ZH«Moderne Wohnung in Winterthur»Die hochwertig ausgebaute Mietwohnung wurde erst per November 2021 fertiggestellt. Sie begrüsst neue Mieter mit Architektur auf der Höhe der Zeit. Das Objekt bietet Ihnen nebst dem ansprechenden Grundriss folgenden Ausbaustandard:- Überhohe Räume mit Anhydritboden- geräumige Zimmer - offene Küche- zwei Badezimmer/WC- Eigener Waschturm- Wintergarten- Eigenes Kellerabteil- Nachhaltige Bauweise- Begrünter Innenhof Bei den Bildern handelt es sich um Musterfotos, welche den Ausbaustandard veranschaulichen. Die genaue Raumaufteilung können Sie dem an"
"1693993829-94","https://www.immoscout24.ch/de/wohnung/mieten/ort-winterthur?pn=2","1 Zimmer, 18 m², CHF 1088.—","Tösstalstrasse 16, 8400 Winterthur, ZH","CHF 1088.—","«Studio für Studenten/Praktikanten/Auszubildende in der Altstadt»","1 Zimmer, 18 m², CHF 1088.—Tösstalstrasse 16, 8400 Winterthur, ZH«Studio für Studenten/Praktikanten/Auszubildende in der Altstadt»Unsere möblierten Studios inmitten der Altstadt Wintertur bieten optimale Voraussetzungen für lang- als auch kurzfristige Aufenthalte (mind. 6 Monate) nahe Ihres Ausbildungs- und/oder Arbeitsortes. Folgendes Studio ist per 1. November 2023 verfügbar: Studio Nr. 6 - ca. 18 m² für CHF 1'088.-Wir bevorzugen ordnungsbewusste junge Menschen, Studenten, Praktikanten und Auszubildende, welche nicht rauchen sowie keine Haustiere besitzen. Folgender Service ist im Mietzins inbegriffen:WLAN Zugriffwöchentliche Reinigung der allg. Räume (Küche, Bad, Einga"
"1693993829-95","https://www.immoscout24.ch/de/wohnung/mieten/ort-winterthur?pn=2","3,5 Zimmer, 100 m², CHF 2700.—","Marktgasse 36, 8400 Winterthur, ZH","CHF 2700.—","«Genial gelegene 3.5 Zimmer Wohnung im Herzen von Winterthur»","3,5 Zimmer, 100 m², CHF 2700.—Marktgasse 36, 8400 Winterthur, ZH«Genial gelegene 3.5 Zimmer Wohnung im Herzen von Winterthur»Interessiert? Unter dem Link BESICHTIGUNGSFORMULAR können Sie sich für eine Besichtigung anmelden.Bahnhof sowie viele Einkaufsmöglichkeiten wie Coop sowie auch Migros. wenige Gehminuten entfernt. Hauptstrasse in unmittelbare Entfernung, die mit der Autobahn verbindet. Altstadt Wohnung gelegen wo das Leben pulsiert und doch ist sie sehr ruhig und gut isoliert.Für Ihre Wohnqualität:Wohnung sehr schön renoviert100m2 die bereit ist zur Benutzung istNeue Küche und Bad/DuscheWaschmaschine und Tumbler in der WohnungEigener KellerabteilGemeinschaftsterNeu"
"1693993829-96","https://www.immoscout24.ch/de/wohnung/mieten/ort-winterthur?pn=2","2 Zimmer, 52 m², CHF 1475.—","Roggenweg 8, 8405 Winterthur, ZH","CHF 1475.—","«Im Grünen Wohnen ""Mietern ohne Kaution""»","2 Zimmer, 52 m², CHF 1475.—Roggenweg 8, 8405 Winterthur, ZH«Im Grünen Wohnen ""Mietern ohne Kaution""»- gepflegte Liegenschaft- Wohnbereich Parkett- Zimmer Linoleum- offene Küche- Bad/WC- Balkon- im 2.OG, kein Lift- Kellerabteil- Haustierhaltung auf Anfrage Einstellplätze CHF 120.00 vorhandenDie Bilder zeigen den Standard der Liegenschaft und entsprechen nicht immer der angebotenen Wohnung.Anbieter kontaktierenKontaktieren"
"1693993832-97","https://www.immoscout24.ch/de/wohnung/mieten/ort-winterthur?pn=1","2,5 Zimmer, 76 m², CHF 2010.—","Lettenstrasse 29, 8408 Winterthur, ZH","CHF 2010.—","«Wenn Träume wahr werden MIETEN OHNE KAUTION»","premium2,5 Zimmer, 76 m², CHF 2010.—Lettenstrasse 29, 8408 Winterthur, ZH«Wenn Träume wahr werden MIETEN OHNE KAUTION»- neuwertige Küche- alle Zimmer Eichenparkett- Bad/Dusche/WC/WM/TU- grosszügige LoggiaDie Wahl der Materialien schlagen Brücken. Mit der ansprechenden Holzfassade und dem schönen Eichenparkett auf der einen Seite und den top modernen Küchen und Bädern auf der anderen Seite, werden höchste Wohnansprüche und das Bedürfnis zurück zur Natur vereint. Dafür spricht auch das Modell der 2000-Watt-Gesellschaft. Die Wohnungen verfügen über eine kontrollierte Wohnraumlüftung, was ein angenehmes Wohnklima erschafft.Einstellplätze auf Anfrage.Anbieter kontaktierenKontaktieren"
"1693993832-98","https://www.immoscout24.ch/de/wohnung/mieten/ort-winterthur?pn=1","2,5 Zimmer, 58 m², CHF 1621.—","Sulzerallee 51, 8404 Winterthur, ZH","CHF 1621.—","«Ob gemeinsam oder allein 2.5 Zimmer-Wohung im ROY Winterthur»","premium2,5 Zimmer, 58 m², CHF 1621.—Sulzerallee 51, 8404 Winterthur, ZH«Ob gemeinsam oder allein 2.5 Zimmer-Wohung im ROY Winterthur»Sind Sie auf der Suche nach einem neuen, modernen zu Hause? Bei uns finden Sie garantiert die perfekte Wohnung, welche Ihren Vorstellungen entspricht.Lassen Sie sich vom hochwertigen Ausbaustandard überzeugen und vereinbaren Sie noch heute einen individuellen Besichtigungstermin.Alle Informationen finden Sie auf unserer Objekthomepage https://www.roy-winterthur.chWir freuen uns auf Ihre Kontaktaufnahme.Die Bilder entsprechen dem Standard einer typähnlichen Musterwohnung. Abweichungen sind möglich.Wir freuen uns über Ihre Kontaktaufnahme!- GlasfAnbieter kontaktierenKontaktieren"
"1693993832-99","https://www.immoscout24.ch/de/wohnung/mieten/ort-winterthur?pn=1","1 Zimmer, 163 m², CHF 2800.—","Katharina Sulzer Platz 2, 8400 Winterthur, ZH","CHF 2800.—","«Passend zu Ihrem Lifestyle ""MIETEN OHNE KAUTION""»","premium1 Zimmer, 163 m², CHF 2800.—Katharina Sulzer Platz 2, 8400 Winterthur, ZH«Passend zu Ihrem Lifestyle ""MIETEN OHNE KAUTION""»Licht und Luft erfüllen Ihr neues Zuhause...- Aussergewöhnliche Innen- und Aussenarchitektur- Hohe Decken und grosse Fensterfronten - Küche mit Geschirrspüler, Backofen und Steamer- Bad mit Badewanne und WC - Eigene Waschmaschine und Trockner in der Wohnung- Bodenbeläge: Parkett und Platten- Terrasse zur Mitbenutzung- Eigenes Kellerabteil- Lift vorhanden- Bahnhof, Einkaufsmöglichkeiten, Restaurants etc. alles zu Fuss oder mit dem Fahrrad erreichbar- Einstellplätze können für CHF 175.- pro Monat dazugemietet werden.- Fotos zeigen eine typähnlichAnbieter kontaktierenKontaktieren"
"1693993832-100","https://www.immoscout24.ch/de/wohnung/mieten/ort-winterthur?pn=1","4,5 Zimmer, 108 m², CHF 2430.—","Sulzerallee 51, 8404 Winterthur, ZH","CHF 2430.—","«""ROY erlebe das neue Winterthur""»","premium4,5 Zimmer, 108 m², CHF 2430.—Sulzerallee 51, 8404 Winterthur, ZH«""ROY erlebe das neue Winterthur""»Sind Sie auf der Suche nach einem neuen, modernen zu Hause? Bei uns finden Sie garantiert die perfekte Wohnung, welche Ihren Vorstellungen entspricht.Lassen Sie sich vom hochwertigen Ausbaustandard überzeugen und vereinbaren Sie noch heute einen individuellen Besichtigungstermin.Alle Informationen finden Sie auf unserer Objekthomepage https://www.roy-winterthur.chWir freuen uns auf Ihre Kontaktaufnahme.- Glasfaseranschluss"
"1693993832-101","https://www.immoscout24.ch/de/wohnung/mieten/ort-winterthur?pn=1","2,5 Zimmer, 70 m², CHF 2850.—","Moosackerstrasse 5, 8405 Winterthur, ZH","CHF 2850.—","«Grosszügige 2.5 Attikawohnung möbliert»","premium2,5 Zimmer, 70 m², CHF 2850.—Moosackerstrasse 5, 8405 Winterthur, ZH«Grosszügige 2.5 Attikawohnung möbliert»An zentraler Lage in Winterthur-Seen vermieten wir eine hochwertig möbliertes 2.5-Zimmer-Apartment. Die Attikawohnung befindet sich in einem Neubau Mehrfamilienhaus in Winterthur-Seen.Die stilvolle Attika-Wohnung überzeugt mit einem individuellen Grundriss, hohen Wohnkomfort und lichtdurchfluteten Räumlichkeiten. Die Wohnung verfügt über einen hochwertigen Ausbau mit Eichenparkett, moderne Küche mit Induktions-Kochfeld, Kombi Steamer, diversen Einbauspots, Holz-Metall Fenstern (3-fach Isolierverglasung), WM/TU und Multimediadose mit Glasfaseran"
"1693993832-102","https://www.immoscout24.ch/de/wohnung/mieten/ort-winterthur?pn=1","1,5 Zimmer, 30 m², CHF 2150.—","Ebnetstrasse 6, 8406 Winterthur, ZH","CHF 2150.—","«Hochwertig möbliertes Business Apartment, fully furnished!»","premium1,5 Zimmer, 30 m², CHF 2150.—Ebnetstrasse 6, 8406 Winterthur, ZH«Hochwertig möbliertes Business Apartment, fully furnished!»An zentraler Lage in Winterthur vermieten wir ein hochwertig möbliertes 1.5-Zimmer-Apartment. Das Apartment verfügt über eine grosse Dachterrasse von ca. 37 m2. Der einzigartige Grundriss, sowie die grossen Fensterflächen garantieren einen lichtdurchfluteten Raum mit angenehmer Wohnatmosphäre. Das Apartment verfügt über eine Boden ebene Dusche mit Glastrennwand, Waschmaschine und Tumbler, eine moderne Küche und separates Entrée. Die Küche ist mit allem notwendigem eingerichtet. Die Bushaltestelle befindet sich nur wenige Meter entfernt und brin"
"1693993832-103","https://www.immoscout24.ch/de/wohnung/mieten/ort-winterthur?pn=1","4,5 Zimmer, 105 m², CHF 2390.—","Hegistr. 41b, 8404 Winterthur, ZH","CHF 2390.—","«Topmodernes Wohnen in Oberi «Mieten ohne Kaution»»","top4,5 Zimmer, 105 m², CHF 2390.—Hegistr. 41b, 8404 Winterthur, ZH«Topmodernes Wohnen in Oberi «Mieten ohne Kaution»»- Helle Wohnung- Ganze Wohnung Parkett- Moderne Küche mit Glaskeramik und Geschirrspüler- grosszügiges Bad/WC mit Wanne, Doppellavabo und Fenster- sep. Dusche/WC- eigene Waschmaschine mit Tumbler- sehr grosser Balkon mit 20 m2- Keller- Bahnhof Oberwinterthur in unmittelbarer Nähe- Einstellplätze für je CHF 140.00 mtl. vorhandenWeitere Informationen auf www.talwiesen.ch.Anbieter kontaktierenKontaktieren"
"1693993832-104","https://www.immoscout24.ch/de/wohnung/mieten/ort-winterthur?pn=1","3,5 Zimmer, 88 m², CHF 1770.—","Tösstalstrasse 284, 8405 Winterthur, ZH","CHF 1770.—","«Grosszügige komfortable 3.5-Zimmer Wohnung»","top3,5 Zimmer, 88 m², CHF 1770.—Tösstalstrasse 284, 8405 Winterthur, ZH«Grosszügige komfortable 3.5-Zimmer Wohnung»Grosszügige Wohnung mit Balkon, Kellerabteil. In der Nähe des Zentrums von Winterthur-Seen."
"1693993832-105","https://www.immoscout24.ch/de/wohnung/mieten/ort-winterthur?pn=1","4,5 Zimmer, 104 m², CHF 2280.—","Hegistr. 41e, 8404 Winterthur, ZH","CHF 2280.—","«helles, modernes Wohnen in farbigen Umfeld ! *Mieten ohne Kaution*»","4,5 Zimmer, 104 m², CHF 2280.—Hegistr. 41e, 8404 Winterthur, ZH«helles, modernes Wohnen in farbigen Umfeld ! *Mieten ohne Kaution*»- Helle Wohnung- Ganze Wohnung Parkett- Moderne, geschlossene Küche mit Glaskeramik und Geschirrspüler- Grosszügiges Bad/WC mit Doppellavabo und Fenster- Sep. Dusche/WC- Eigene Waschmaschine mit Tumbler- Grosser, sonniger Balkon mit 16 m2- Keller- Bahnhof Oberwinterthur in unmittelbarer Nähe- Einstellplätze für CHF 140.00 vorhandenWeitere Informationen auf www.talwiesen.chNeuAnbieter kontaktierenKontaktieren"
"1693993832-106","https://www.immoscout24.ch/de/wohnung/mieten/ort-winterthur?pn=1","2,5 Zimmer, 75 m², CHF 1990.—","Weizackerstrasse 3, 8405 Winterthur, ZH","CHF 1990.—","«Herrliche 2.5-Zimmer-Attikawohnung mit grosser Terrasse in Winterthur-Seen»","2,5 Zimmer, 75 m², CHF 1990.—Weizackerstrasse 3, 8405 Winterthur, ZH«Herrliche 2.5-Zimmer-Attikawohnung mit grosser Terrasse in Winterthur-Seen»Besichtigungen:Freitag, 15. September 2023 von 18.00 - 19.00 UhrFreitag, 22. September 2023 von 18.00 - 19.00 UhrWir vermieten per 1. Dezember 2023 diese attraktive 2.5-Zimmer-Attikawohnung im beliebten Stadtquartier Winterthur-Seen.Die Wohnung mit Baujahr 2000 überzeugt durch eine grosse Terrasse von 53 m2 mit herrlicher Fernsicht und präsentiert sich in gepflegtem Zustand. Die moderne Küche und das Wohnzimmer mit Schwedenofen sind weitere Highlights der schönen Attikawohnung. Das Knistern im Kamin unterstreicht die erholsamen Momente an kühleNeu"
"1693993832-107","https://www.immoscout24.ch/de/wohnung/mieten/ort-winterthur?pn=1","3,5 Zimmer, 94 m², CHF 2244.—","Else-Züblin-Strasse 77, 8404 Winterthur, ZH","CHF 2244.—","«Sie brauchen Platz? - die Überbauung ROY hat ihn!»","3,5 Zimmer, 94 m², CHF 2244.—Else-Züblin-Strasse 77, 8404 Winterthur, ZH«Sie brauchen Platz? - die Überbauung ROY hat ihn!»""ROY erlebe das neue Winterthur""Sind Sie auf der Suche nach einem neuen, modernen zu Hause? Bei uns finden Sie garantiert die perfekte Wohnung, welche Ihren Vorstellungen entspricht.Lassen Sie sich vom hochwertigen Ausbaustandard überzeugen und vereinbaren Sie noch heute einen individuellen Besichtigungstermin.Alle Informationen finden Sie auf unserer Objekthomepage https://www.roy-winterthur.chWir freuen uns auf Ihre Kontaktaufnahme.Die Bilder entsprechen dem Standard.Anbieter kontaktierenKontaktieren"
"1693993832-108","https://www.immoscout24.ch/de/wohnung/mieten/ort-winterthur?pn=1","4,5 Zimmer, 104 m², CHF 2310.—","Hegistr. 41e, 8404 Winterthur, ZH","CHF 2310.—","«Wohnen an ruhiger Lage ""Mieten ohne Kaution""»","4,5 Zimmer, 104 m², CHF 2310.—Hegistr. 41e, 8404 Winterthur, ZH«Wohnen an ruhiger Lage ""Mieten ohne Kaution""»Suchen Sie eine moderne Wohnung, welche für viel Wohnkomfort sorgt und sich in einer kinderfreundlichen Umgebung befindet. Dann ist diese genau das Richtige für Sie:- Helle Wohnung mit grosszügigem Grundriss- Ganze Wohnung Parkett- Moderne Küche mit Glaskeramik, Geschirrspüler und Backofen- Bad/WC mit Doppellavabo und Fenstern für viel Tageslicht- Sep. Dusche/WC- Eigene Waschmaschine mit Tumbler- Wandschrank mit Garderobe im Eingangsbereich- Balkon- Einstellplätze à CHF 140.00 vorhandenDie Wohnung befindet sich in unmittelbarer Nähe des BahnhofNeuAnbieter kontaktierenKontaktieren"
"1693993832-109","https://www.immoscout24.ch/de/wohnung/mieten/ort-winterthur?pn=1","2 Zimmer, 56 m², CHF 1360.—","Weststr. 134, 8408 Winterthur, ZH","CHF 1360.—","«Zentrale Lage in Wülflingen»","2 Zimmer, 56 m², CHF 1360.—Weststr. 134, 8408 Winterthur, ZH«Zentrale Lage in Wülflingen»An zentraler Lage in Winterthur-Wülflingen vermieten wir diese schöne 2-Zimmerwohnung: - Parkett im Wohnbereich- Keramikplatten in der Küche und im Badezimmer- Schöne Küche mit Geschirrspüler und Glaskeramikherd- Helles Badezimmer mit Badewanne- Sonniger Balkon- In gepflegter Umgebung- Nähe Bushaltestelle (Die Fotos entsprechen dem Standard)NeuAnbieter kontaktierenKontaktieren"
"1693993832-110","https://www.immoscout24.ch/de/wohnung/mieten/ort-winterthur?pn=1","3,5 Zimmer, 113 m², CHF 2664.—","Sulzerallee 65, 8404 Winterthur, ZH","CHF 2664.—","«Ob alt oder jung - ""ROY"" wird jeder lieben!»","3,5 Zimmer, 113 m², CHF 2664.—Sulzerallee 65, 8404 Winterthur, ZH«Ob alt oder jung - ""ROY"" wird jeder lieben!»Sind Sie auf der Suche nach einem neuen, modernen zu Hause? Bei uns finden Sie garantiert die perfekte Wohnung, welche Ihren Vorstellungen entspricht.Lassen Sie sich vom hochwertigen Ausbaustandard überzeugen und vereinbaren Sie noch heute einen individuellen Besichtigungstermin.Alle Informationen finden Sie auf unserer Objekthomepage https://www.roy-winterthur.chWir freuen uns auf Ihre Kontaktaufnahme.Die Bilder zeigen den Standard der Liegenschaft und entsprechen nicht immer der angebotenen Wohnung.Wir freuen uns über Ihre Kontaktaufnahme!- GNeuAnbieter kontaktierenKontaktieren"
"1693993832-111","https://www.immoscout24.ch/de/wohnung/mieten/ort-winterthur?pn=1","1 Zimmer, 44 m², CHF 1390.—","Schaffhauserstrasse 6, 8400 Winterthur, ZH","CHF 1390.—","«Moderne 1-Zimmerwohnung nähe Hauptbahnhof»","1 Zimmer, 44 m², CHF 1390.—Schaffhauserstrasse 6, 8400 Winterthur, ZH«Moderne 1-Zimmerwohnung nähe Hauptbahnhof»Per 01. November 2023 vermieten wir diese moderne Stadtwohnung an idealer und zentraler Lage. Profitieren Sie von der ausgezeichneten Lage, dem anliegenden Hotel mit warmer Küche, dem Fitnesscenter inkl. Schwimmbad und Sauna im anliegenden Banana-City Gebäude.Den neuen Mieter erwartet Folgendes:- helle Räume mit hochwertigem Eichenparkett und Plattenböden- modernes Bad mit WC/Dusche- schöne offene Küche mit zeitgemässen Küchengeräten- zusätzliche Wandschränke und Garderobe- Lift- Glasfaser-Multi-Media-AnschlussGemeinschaftsräume:- 4 WaschküchenAnbieter kontaktierenKontaktieren"
"1693993832-112","https://www.immoscout24.ch/de/wohnung/mieten/ort-winterthur?pn=1","2,5 Zimmer, 70 m², CHF 1615.—","Wülflingerstrasse 349, 8408 Winterthur, ZH","CHF 1615.—","«Zentrale Wohnung zu vermieten»","2,5 Zimmer, 70 m², CHF 1615.—Wülflingerstrasse 349, 8408 Winterthur, ZH«Zentrale Wohnung zu vermieten»Wir vermieten eine schöne 2.5-Zimmer-Dachwohnung in Winterthur. Von hier aus sind Sie bestens angeschlossen und erreichen St. Gallen, Zürich und den Flughafen innert Kürze. Die helle Wohnung überzeugt durch:- Schönen Parkettboden- Helle Küche mit Granitabdeckung und Geschirrspüler- Grosszügiges Badezimmer mit eigener Waschmaschine und Tumbler- Einbauschrank- Reduit- Lift vorhanden- Einstellplätze können für CHF 130.00/Monat dazu gemietet werden- Hautiere sind erlaubt- Super Lage, die Badi, Schulen, Shops und vieles mehr finden Sie in der nähereAnbieter kontaktierenKontaktieren"
"1693993832-113","https://www.immoscout24.ch/de/wohnung/mieten/ort-winterthur?pn=1","2,5 Zimmer, 73 m², CHF 1669.—","Heiniweg 12, 8404 Winterthur, ZH","CHF 1669.—","«Heimelige Dachwohnung wird frei! ""Mieten ohne Kaution""»","2,5 Zimmer, 73 m², CHF 1669.—Heiniweg 12, 8404 Winterthur, ZH«Heimelige Dachwohnung wird frei! ""Mieten ohne Kaution""»Charmante 2.5-Zimmer Dachwohnung wird frei. Profitieren Sie von folgenden Vorzügen:- Parkettboden in ganzer Wohnung- Plattenboden in Küche und Badezimmer- Moderne Küche mit Geschirrspüler und Glaskeramikherd- Waschmaschine/Tumbler in Küche- Helle Täferdecke- Badezimmer mit Badewanne- Balkon mit toller Aussicht- Estrich- Kein Lift- Ruhige Lage- Gute Einkaufsmöglichkeiten- Nähe S-Bahn-Anschluss (Wallrüti)- Schwimmbad und öffentliche Anlagen in nächster NäheDie Fotos entsprechen dem StandardNeuVirtuelle TourAnbieter kontaktierenKontaktieren"
"1693993832-114","https://www.immoscout24.ch/de/wohnung/mieten/ort-winterthur?pn=1","2,5 Zimmer, 75 m², CHF 2154.—","Sulzerallee 63, 8404 Winterthur, ZH","CHF 2154.—","«ROY - erlebe das neue Winterthur!»","2,5 Zimmer, 75 m², CHF 2154.—Sulzerallee 63, 8404 Winterthur, ZH«ROY - erlebe das neue Winterthur!»Sind Sie auf der Suche nach einem neuen, modernen zu Hause? Bei uns finden Sie garantiert die perfekte Wohnung, welche Ihren Vorstellungen entspricht.Lassen Sie sich vom hochwertigen Ausbaustandard überzeugen und vereinbaren Sie noch heute einen individuellen Besichtigungstermin.Alle Informationen finden Sie auf unserer Objekthomepage https://www.roy-winterthur.chWir freuen uns auf Ihre Kontaktaufnahme.Die Bilder zeigen den Standard der Liegenschaft und entsprechen nicht immer der angebotenen Wohnung.- GlasfaseranschlussNeuAnbieter kontaktierenKontaktieren"
"1693993832-115","https://www.immoscout24.ch/de/wohnung/mieten/ort-winterthur?pn=1","4,5 Zimmer, 109 m², CHF 2730.—","Zürcherstrasse 135, 8406 Winterthur, ZH","CHF 2730.—","«Grosszügige und moderne 4.5-Zimmer-Wohnung inmitten von Winterthur»","4,5 Zimmer, 109 m², CHF 2730.—Zürcherstrasse 135, 8406 Winterthur, ZH«Grosszügige und moderne 4.5-Zimmer-Wohnung inmitten von Winterthur»Wir suchen per 1. Dezember 2023 einen Nachmieter für unsere moderne 4.5-Zimmer-Wohnung in einer sehr gepflegten Überbauung in Winterthur Töss. Die optimale Lage sowie die Nähe zum Naherholungsgebiet macht diese zu einer einmaligen Wohlfühloase!Folgende Highlights zeichnen die Wohnung aus:hochwertiger, dunkler Landhausdielen-Vinylboden in ganzer WohnungViele raumhohe Fenster bringen ausreichend Licht in die Wohnung und gestalten diese durchgehend hell und freundlichFarblich alles abgestimmt und optimales Lichtkonzeptgrosszügiges Schlafzimmer, 17"
"1693993832-116","https://www.immoscout24.ch/de/wohnung/mieten/ort-winterthur?pn=1","3 Zimmer, 65 m², CHF 1030.—","Schiltwiesenweg 24, 8404 Winterthur, ZH","CHF 1030.—","«Zentral und praktisch wohnen?»","3 Zimmer, 65 m², CHF 1030.—Schiltwiesenweg 24, 8404 Winterthur, ZH«Zentral und praktisch wohnen?»Ab 1. Oktober 2023 oder nach Vereinbarung vermieten wir an zentraler Lage eine helle 3-Zimmer-Wohnung mit 65 m2 im 1. Obergeschoss. Die Wohnung ist in einem gepflegten Zustand. Wohnungsbeschrieb:Helle Wohnräume mit LaminatbodenWohnzimmer mit BalkonzugangPraktische Küche ohne GeschirrspülerBadezimmer mit BadewanneGepflegte Waschküche zur MitbenützungHolzheizung, Kachelofen im WohnzimmerZentralwarmwasserboilerUmgebung:Vielerlei Verpflegungs- und EinkaufsmöglichkeitenBusstation in weniger als 100mBahnhof Oberwinterthur in weniger als 200mNahegelegAnbieter kontaktierenKontaktieren"
"1693993832-117","https://www.immoscout24.ch/de/wohnung/mieten/ort-winterthur?pn=1","3,5 Zimmer, 100 m², CHF 2180.—","Zürcherstrasse 58, 8406 Winterthur, ZH","CHF 2180.—","«Modernes Wohnen im Herzen von Winterthur»","3,5 Zimmer, 100 m², CHF 2180.—Zürcherstrasse 58, 8406 Winterthur, ZH«Modernes Wohnen im Herzen von Winterthur»Per 01.11.2023 oder nach Vereinbarung vermieten wir diese moderne 3.5-Zimmerwohnung in Winterthur.Die Wohnung bietet Ihnen folgende Annehmlichkeiten:- Wohn- und Schlafzimmer mit Parkettboden- Küche und Nasszellen mit dunklem Plattenboden- Grosses Wohnzimmer mit viel Tageslicht- Helle und geräumige Schlafzimmer- Küche mit Glaskeramikherd, Geschirrspüler, Backofen und ausreichend Stauraum für Ihre Küchenutensilien- Badezimmer mit WC, Lavabo, Spiegelschrank, Badewanne und Waschturm (Waschmaschine und Trockner)- Separates WC mit Lavabo, SpiegelschrAnbieter kontaktierenKontaktieren"
"1693993832-118","https://www.immoscout24.ch/de/wohnung/mieten/ort-winterthur?pn=1","4,5 Zimmer, 89 m², CHF 1985.—","Maienstrasse 8, 8406 Winterthur, ZH","CHF 1985.—","«Wohnglück für Familien»","4,5 Zimmer, 89 m², CHF 1985.—Maienstrasse 8, 8406 Winterthur, ZH«Wohnglück für Familien»Wir vermieten per 01.12.2023 diese helle 4.5-Zimmerwohnung in Winterthur.Die Wohnung bietet Ihnen folgende Annehmlichkeiten:- Wohn- und Schlafzimmer sowie Korridor mit Parkettboden- Nasszellen und Küche mit PVC-Boden- Grosszügige und helle Zimmer- Küche mit vier Herdplatten, Backofen und Stauraum für Ihre Küchenutensilien- Badezimmer mit WC, Lavabo, Spiegelschrank, Badewanne und Tageslicht- Separates WC mit Lavabo und Spiegelschrank- Praktischer Einbauschrank im Korridor- Balkon für gemütliche Sonnenstunden- Separates Kellerabteil - Waschküche Anbieter kontaktierenKontaktieren"
"1693993832-119","https://www.immoscout24.ch/de/wohnung/mieten/ort-winterthur?pn=1","1 Zimmer, 32 m², CHF 1005.—","Neuwiesenstr. 14, 8400 Winterthur, ZH","CHF 1005.—","«Nähe Hauptbahnhof Winterthur»","1 Zimmer, 32 m², CHF 1005.—Neuwiesenstr. 14, 8400 Winterthur, ZH«Nähe Hauptbahnhof Winterthur»Diese sehr zentral gelegene 1-Zimmerwohnung überzeugt mit folgendem Ausbaustandard:Wohnzimmer mit Parkettgrosszügige, abgeschlossene Küche mit GlaskeramikherdKorridor mit KlinkerbodenBad/WCKeller-/ und EstrichabteilDie Wohnung eignet sich optimal für Pendler, da sich der Hauptbahnhof Winterthur in unmittelbarer Nähe befindet. Einkaufsmöglichkeiten sind in wenigen Gehminunten erreichbar. Die grüne Stadt Winterthur lädt mit grossem kulturellen Angebot sowie unzähligen Parkanlagen und Wäldern zum Verweilen ein.Bei den publizierten Bildern handelt Anbieter kontaktierenKontaktieren"
"1693993832-120","https://www.immoscout24.ch/de/wohnung/mieten/ort-winterthur?pn=1","2,5 Zimmer, 91 m², CHF 2115.—","Steiggasse 3, 8400 Winterthur, ZH","CHF 2115.—","«Erstbezug: Sanierte Wohnung im Herzen der Winterthurer Altstadt»","2,5 Zimmer, 91 m², CHF 2115.—Steiggasse 3, 8400 Winterthur, ZH«Erstbezug: Sanierte Wohnung im Herzen der Winterthurer Altstadt»Wir vermieten ab November 2023 eine frisch sanierte 2.5-Zimmer-Wohnung mit ca. 91 m2 in einer Altbauliegenschaft an beliebter Lage. Die Wohnung weist folgende Vorzüge auf.grosszügier Eingangsbereichgemütliches Wohnzimmer gassenseitig mit historischer Holzwand und Sichtbalkenmoderne und offene Küche mit Geschirrspüler, Kühlschrank mit separatem Gefrierschrank, Induktionskochfeld, Gerätemarken Elektroluxmoderne Duscheseparates WCeigener Waschraum mit Waschmaschine/TumblerSchlafzimmer Seite Steiggasse separater Abstellraum, z.B. als begehbares AnkAnbieter kontaktierenKontaktieren"
